user ID,user__created_date,country,age,num_messages,num_active_days
1,2/18/2024,Ghana,14,391,2
2,2/16/2024,Kenya,21,208,2
3,3/2/2024,Ghana,14,333,4
4,2/22/2024,South Africa,0,433,4
5,3/19/2024,Ghana,0,1417,10
6,5/10/2023,Nigeria,0,340,4
7,2/25/2024,South Africa,18,132,3
8,3/17/2024,Ghana,18,264,3
9,4/6/2024,Nigeria,17,153,2
10,4/7/2024,Nigeria,14,226,1
11,2/23/2024,South Africa,14,141,1
12,4/20/2024,Ghana,18,155,1
13,3/26/2024,Nigeria,15,426,3
14,5/22/2023,Nigeria,0,352,3
15,4/22/2024,Ghana,17,692,4
16,2/7/2024,Ghana,28,665,6
17,1/9/2024,South Africa,0,658,1
18,5/17/2023,Sierra Leone,0,49,5
19,5/22/2023,Nigeria,0,137,3
20,3/5/2024,Nigeria,19,159,3
21,4/16/2024,Ghana,17,571,5
22,6/24/2023,Ghana,17,210,7
23,2/4/2024,Kenya,16,257,5
24,6/22/2023,Nigeria,10,237,7
25,3/8/2024,Nigeria,16,285,4
26,4/9/2024,Nigeria,19,454,3
27,4/4/2024,Nigeria,18,298,2
28,3/18/2024,Ghana,17,121,1
29,2/18/2024,Nigeria,18,607,3
30,3/24/2024,Mozambique,16,594,7
31,3/17/2024,Nigeria,20,105,1
32,4/13/2024,Ghana,14,188,1
33,12/15/2023,Nigeria,19,560,11
34,4/13/2023,Nigeria,0,267,5
35,3/3/2024,Ghana,19,150,2
36,2/23/2024,Nigeria,14,346,9
37,#N/A,#N/A,#N/A,#N/A,#N/A
38,1/2/2024,Nigeria,20,160,2
39,3/20/2024,Croatia,34,133,2
40,5/7/2023,Nigeria,0,527,7
41,2/8/2023,Nigeria,0,139,4
42,4/6/2024,Ghana,19,228,3
43,3/24/2024,Mozambique,14,1002,6
44,2/22/2024,Ghana,26,302,2
45,4/7/2024,Ghana,14,428,2
46,2/12/2024,Nigeria,28,220,3
47,2/21/2024,Ghana,17,743,6
48,4/17/2024,Nigeria,17,165,3
49,4/14/2024,"Kazakhstan, Russia",16,298,3
50,3/18/2023,Nigeria,0,53,1
51,1/8/2024,Ghana,14,489,3
52,4/7/2024,Nigeria,16,450,7
53,12/25/2023,Ghana,0,509,15
54,4/9/2024,Nigeria,18,207,2
55,3/8/2024,Ghana,27,154,3
56,4/9/2024,Nigeria,26,115,1
57,2/22/2024,South Africa,30,150,1
58,3/22/2024,Ghana,14,1073,7
59,5/25/2023,Ghana,0,159,11
60,2/26/2024,Nigeria,18,603,1
61,4/13/2024,Nigeria,17,212,1
62,4/29/2024,Nigeria,17,169,1
63,2/22/2024,Nigeria,21,165,1
64,2/2/2024,Nigeria,14,2297,23
65,2/5/2024,Ghana,16,222,3
66,4/23/2023,Sierra Leone,0,105,2
67,2/18/2024,Ghana,17,626,8
68,3/3/2024,Nigeria,17,659,6
69,1/6/2024,Uganda,0,127,1
70,4/17/2024,Ghana,15,181,7
71,4/6/2024,Ghana,17,179,2
72,2/16/2024,South Africa,15,154,1
73,1/3/2024,Uganda,0,641,3
74,4/4/2024,Nigeria,18,323,2
75,4/11/2024,Ghana,19,289,2
76,2/1/2024,Nigeria,16,230,1
77,3/24/2024,Mozambique,15,459,1
78,4/11/2024,Ghana,19,495,1
79,1/4/2024,Nigeria,17,123,1
80,1/2/2024,Ghana,14,171,3
81,4/7/2024,Nigeria,19,210,3
82,4/4/2024,Nigeria,19,173,2
83,2/15/2024,Nigeria,15,509,3
84,4/17/2024,Nigeria,16,323,2
85,1/21/2023,Ghana,0,158,1
86,1/31/2023,Sierra Leone,0,225,5
87,2/14/2024,Nigeria,0,166,1
88,4/28/2024,Ghana,15,1112,3
89,2/17/2024,Nigeria,16,141,2
90,4/23/2024,Kenya,16,140,3
91,4/4/2024,Kenya,14,263,4
92,4/3/2024,Nigeria,23,127,1
93,4/27/2024,Nigeria,17,369,3
94,2/4/2024,Nigeria,10,285,4
95,1/3/2024,Nigeria,15,142,2
96,2/17/2024,Ghana,12,408,4
97,5/4/2023,Nigeria,0,60,4
98,2/13/2024,Ghana,19,682,3
99,1/6/2024,Nigeria,19,396,2
100,1/12/2023,Ghana,0,354,8
101,4/4/2024,Ghana,12,366,2
102,2/26/2023,Nigeria,0,145,3
103,2/15/2024,Nigeria,15,735,4
104,5/13/2023,Ghana,0,208,3
105,2/24/2024,Ghana,14,149,1
106,2/19/2024,Nigeria,17,627,4
107,3/29/2024,Mozambique,13,106,2
108,4/6/2024,Ghana,18,271,6
109,5/29/2023,Ghana,18,157,4
110,4/16/2024,Ghana,15,340,1
111,2/7/2024,Nigeria,18,326,5
112,3/26/2024,Ghana,29,362,1
113,3/2/2024,Nigeria,17,211,3
114,1/7/2024,Nigeria,20,383,2
115,4/12/2024,Ghana,18,244,3
116,12/22/2023,Ghana,18,466,2
117,4/5/2024,Ghana,15,317,5
118,3/23/2024,Nigeria,18,569,3
119,2/18/2024,Ghana,14,266,2
120,4/6/2024,Ghana,17,254,3
121,3/2/2024,South Africa,13,231,2
122,4/6/2024,Nigeria,17,147,1
123,4/6/2024,Nigeria,18,257,2
124,3/23/2024,Nigeria,17,440,5
125,3/7/2024,Ghana,20,252,4
126,3/3/2024,Nigeria,20,1105,9
127,5/28/2023,Nigeria,18,181,3
128,4/5/2024,Nigeria,18,553,4
129,12/25/2023,Ghana,19,70,4
130,4/29/2024,Nigeria,19,567,4
131,2/21/2024,Nigeria,18,197,2
132,2/21/2024,Nigeria,0,343,2
133,3/7/2024,Ghana,0,329,2
134,2/12/2024,Kenya,19,445,3
135,4/25/2024,Ghana,19,215,2
136,2/1/2024,Nigeria,18,247,2
137,4/6/2024,Ghana,16,166,1
138,4/10/2024,Ghana,17,319,4
139,1/1/2024,Ghana,0,171,1
140,2/14/2024,Nigeria,17,260,5
141,3/24/2024,Nigeria,18,496,2
142,3/2/2024,Nigeria,14,372,1
143,2/1/2024,Nigeria,18,312,2
144,2/15/2024,Kenya,7,140,1
145,3/4/2024,Nigeria,19,299,2
146,4/9/2024,Ghana,18,601,6
147,2/13/2024,Nigeria,19,483,2
148,3/1/2024,Netherlands,15,274,1
149,2/4/2024,Uganda,18,300,5
150,2/17/2024,Nigeria,17,227,2
151,3/24/2024,Nigeria,14,252,4
152,2/25/2024,Nigeria,13,971,4
153,3/10/2024,Nigeria,14,1719,14
154,2/17/2024,Nigeria,17,326,2
155,12/25/2023,Nigeria,15,38,1
156,4/10/2024,South Africa,0,233,3
157,1/5/2024,South Africa,16,123,3
158,4/6/2024,Ghana,16,184,4
159,3/2/2024,Nigeria,16,333,4
160,3/3/2024,Nigeria,13,307,3
161,4/9/2023,Nigeria,0,106,2
162,2/16/2024,South Africa,16,315,2
163,2/18/2024,Ghana,13,179,2
164,1/1/2024,Kenya,15,102,5
165,12/23/2023,Nigeria,17,207,4
166,4/7/2024,Nigeria,19,388,4
167,3/29/2024,Mozambique,18,246,3
168,4/8/2024,Ghana,17,277,2
169,2/29/2024,Ghana,22,350,2
170,2/2/2024,Uganda,20,430,3
171,6/5/2023,Nigeria,17,428,3
172,3/20/2024,Nigeria,16,480,3
173,3/21/2024,Ghana,16,189,4
174,2/21/2024,Nigeria,18,184,1
175,3/22/2024,Mozambique,0,179,2
176,4/24/2024,Ghana,17,195,5
177,2/18/2024,South Africa,19,426,1
178,3/7/2024,Nigeria,21,570,2
179,1/7/2024,Nigeria,20,512,1
180,4/20/2024,Ghana,18,151,2
181,4/23/2024,Nigeria,13,839,3
182,4/30/2023,Nigeria,0,63,2
183,12/23/2023,Nigeria,15,93,2
184,3/5/2024,Ghana,11,597,5
185,5/6/2023,Nigeria,19,551,5
186,2/2/2024,Nigeria,18,360,1
187,2/28/2023,Nigeria,0,56,1
188,5/10/2023,Nigeria,18,554,6
189,2/18/2024,Ghana,15,241,5
190,2/21/2024,South Africa,15,120,1
191,2/18/2024,Nigeria,16,289,5
192,2/22/2024,South Africa,18,599,2
193,4/8/2023,Nigeria,0,26,2
194,1/29/2023,Ghana,0,171,3
195,5/25/2023,Ghana,0,216,2
196,3/7/2024,Singapore,9,282,2
197,4/7/2024,Nigeria,16,556,2
198,4/8/2024,Kenya,16,299,4
199,4/9/2024,Nigeria,18,190,1
200,2/28/2024,Nigeria,21,151,1
201,5/7/2023,Nigeria,0,128,3
202,6/22/2023,Nigeria,17,64,4
203,3/20/2023,South Africa,25,2635,30
204,1/7/2024,Nigeria,18,288,3
205,3/22/2023,Nigeria,0,121,2
206,2/16/2024,Ghana,15,366,4
207,2/26/2024,Nigeria,16,194,6
208,4/26/2024,Ghana,18,195,3
209,12/19/2023,Ghana,16,627,9
210,5/11/2023,Nigeria,0,179,6
211,7/18/2023,Nigeria,17,91,1
212,2/28/2024,Nigeria,16,300,3
213,2/16/2024,Nigeria,11,247,1
214,2/22/2024,Ghana,22,196,1
215,4/5/2024,Nigeria,16,1533,7
216,6/9/2023,Nigeria,0,663,13
217,2/18/2024,Kenya,18,133,2
218,3/18/2024,Ghana,16,1562,7
219,3/11/2023,Ghana,0,833,9
220,12/31/2023,Ghana,23,1220,6
221,2/4/2024,Ghana,15,229,7
222,2/8/2024,South Africa,19,147,1
223,2/7/2024,Nigeria,19,227,2
224,2/15/2024,Ghana,17,522,1
225,2/15/2024,South Africa,29,199,1
226,2/17/2024,Ghana,13,355,7
227,4/24/2024,Nigeria,15,423,3
228,2/2/2024,Nigeria,0,251,2
229,4/3/2024,Nigeria,16,506,3
230,4/24/2024,Ghana,15,482,6
231,2/21/2024,Ghana,18,494,3
232,3/7/2024,South Africa,17,285,2
233,2/13/2024,South Africa,18,117,2
234,2/5/2024,Nigeria,1,209,4
235,3/6/2024,South Africa,15,155,1
236,4/12/2024,Ghana,19,770,7
237,12/26/2023,South Africa,0,70,4
238,12/20/2023,Nigeria,19,172,3
239,3/20/2024,Nigeria,15,222,4
240,2/17/2024,Uganda,17,188,2
241,3/25/2023,Nigeria,0,194,3
242,3/18/2024,Nigeria,15,573,3
243,2/17/2024,Nigeria,12,251,4
244,12/13/2023,Ghana,18,52,2
245,1/3/2024,Ghana,17,110,4
246,1/7/2024,Ghana,13,150,4
247,5/4/2023,Nigeria,0,1519,13
248,4/10/2024,Ghana,15,262,3
249,2/2/2024,Ghana,17,138,2
250,4/6/2024,Nigeria,19,325,3
251,1/6/2024,Nigeria,16,177,2
252,1/4/2024,Nigeria,21,254,7
253,1/3/2024,Uganda,19,253,5
254,12/27/2023,Nigeria,15,160,1
255,3/25/2024,Nigeria,23,521,4
256,1/5/2024,Nigeria,15,167,3
257,4/9/2024,Nigeria,18,149,1
258,2/17/2024,Nigeria,20,1638,10
259,2/18/2024,South Africa,18,105,1
260,4/9/2024,Ghana,19,307,6
261,2/8/2024,Uganda,0,190,3
262,12/18/2023,Nigeria,17,467,9
263,4/7/2024,Ghana,16,328,5
264,3/22/2024,Mozambique,15,170,3
265,2/24/2024,Ghana,17,175,3
266,1/2/2024,Nigeria,19,63,1
267,2/13/2024,Uganda,19,173,1
268,2/6/2024,South Africa,11,635,2
269,4/11/2024,Ghana,0,157,3
270,2/17/2024,Nigeria,18,170,1
271,3/13/2024,Nigeria,16,1000,5
272,2/5/2024,Nigeria,20,109,2
273,4/20/2024,Ghana,14,498,8
274,3/13/2024,Ghana,15,413,4
275,12/30/2023,Ghana,17,183,4
276,3/4/2023,Nigeria,0,153,3
277,4/12/2024,Nigeria,18,119,1
278,3/21/2024,Nigeria,19,788,2
279,1/7/2024,Nigeria,15,61,1
280,4/6/2024,Ghana,0,433,4
281,4/24/2024,Nigeria,16,458,4
282,2/15/2024,Nigeria,24,329,1
283,2/16/2024,Ghana,12,235,3
284,2/15/2024,Kenya,16,819,6
285,2/5/2024,Kenya,17,244,6
286,2/13/2024,Ghana,9,867,2
287,4/24/2024,Ghana,15,94,1
288,2/22/2024,Kenya,19,161,1
289,4/9/2024,Nigeria,20,628,6
290,3/23/2024,Mozambique,13,2015,14
291,2/12/2024,Nigeria,18,178,1
292,7/17/2023,Ghana,19,316,5
293,2/25/2024,Nigeria,11,156,1
294,1/5/2024,Nigeria,19,127,1
295,2/15/2024,Nigeria,20,690,2
296,1/5/2024,Ghana,17,498,3
297,4/19/2023,Nigeria,0,464,3
298,5/17/2023,Ghana,0,534,8
299,12/25/2023,Uganda,13,56,2
300,2/18/2024,Nigeria,0,423,1
301,12/18/2023,Nigeria,15,87,1
302,2/20/2024,Ghana,20,782,7
303,2/12/2024,Nigeria,15,113,1
304,2/29/2024,Ghana,18,207,2
305,4/15/2024,Nigeria,14,751,3
306,4/23/2023,Nigeria,0,69,1
307,2/25/2024,Nigeria,15,768,4
308,3/18/2024,Nigeria,16,455,2
309,1/21/2023,Nigeria,0,47,2
310,3/13/2024,Nigeria,16,231,2
311,2/16/2024,Nigeria,11,212,2
312,1/2/2024,Nigeria,32,235,2
313,6/13/2023,Ghana,18,206,4
314,4/24/2023,Ghana,0,209,2
315,1/4/2024,Nigeria,15,104,1
316,4/17/2024,Ghana,16,1038,3
317,2/16/2024,Ghana,15,457,4
318,2/23/2024,Nigeria,0,219,2
319,2/23/2024,Nigeria,15,805,3
320,12/30/2023,Nigeria,18,211,1
321,2/14/2024,Ghana,17,111,1
322,4/17/2023,Ghana,18,405,3
323,12/30/2023,Ghana,18,219,3
324,2/24/2024,Nigeria,19,293,1
325,2/23/2024,South Africa,14,244,3
326,1/4/2024,Nigeria,13,91,1
327,3/15/2023,Ghana,0,442,5
328,1/7/2024,Ghana,19,101,1
329,2/28/2024,South Africa,14,153,1
330,2/29/2024,Nigeria,18,321,2
331,2/14/2024,Nigeria,13,423,2
332,4/18/2024,Ghana,20,235,3
333,1/7/2024,Kenya,17,64,1
334,1/2/2024,Nigeria,15,564,3
335,2/18/2024,Uganda,19,321,3
336,4/8/2024,Nigeria,16,459,3
337,4/12/2023,Ghana,0,1216,3
338,3/15/2023,Nigeria,19,133,3
339,1/1/2024,Uganda,15,524,3
340,2/12/2024,South Africa,17,199,3
341,4/9/2024,Nigeria,17,958,6
342,3/8/2024,Ghana,18,395,6
343,6/15/2023,Nigeria,18,185,2
344,4/11/2024,Nigeria,16,621,3
345,2/14/2024,Nigeria,18,582,6
346,4/9/2024,Nigeria,19,343,5
347,4/4/2024,Ghana,24,364,7
348,3/24/2024,Mozambique,14,463,4
349,1/7/2024,South Africa,16,149,2
350,1/2/2024,Nigeria,0,242,1
351,3/5/2024,South Africa,24,255,1
352,2/24/2024,Nigeria,20,1329,8
353,4/9/2024,Ghana,19,301,1
354,4/5/2024,Ghana,16,252,3
355,2/17/2024,Ghana,17,256,2
356,5/5/2023,Nigeria,0,374,4
357,3/18/2024,Nigeria,0,151,3
358,1/16/2024,Nigeria,33,163,2
359,6/24/2023,Nigeria,18,79,1
360,4/6/2024,Ghana,15,350,2
361,1/26/2023,Nigeria,0,175,2
362,4/26/2024,Nigeria,15,402,3
363,2/15/2024,Nigeria,20,362,4
364,2/18/2024,South Africa,13,136,1
365,3/6/2024,Ghana,14,469,2
366,6/8/2023,Nigeria,16,406,6
367,6/30/2023,Nigeria,14,85,4
368,3/7/2024,Ghana,19,228,3
369,4/25/2024,Australia,9,97,1
370,2/14/2024,South Africa,16,185,2
371,1/1/2024,Nigeria,18,452,6
372,12/18/2023,Ghana,17,100,5
373,2/22/2024,Nigeria,15,322,2
374,2/20/2024,Nigeria,19,212,2
375,#N/A,#N/A,#N/A,#N/A,#N/A
376,2/2/2024,Nigeria,17,310,2
377,2/25/2024,South Africa,15,122,1
378,1/12/2024,Nigeria,18,495,7
379,4/24/2024,Nigeria,0,469,4
380,4/20/2024,Nigeria,25,254,5
381,12/30/2023,Kenya,19,1584,13
382,4/20/2023,Nigeria,0,459,3
383,2/29/2024,South Africa,17,139,2
384,4/16/2023,Nigeria,0,602,4
385,2/24/2024,Nigeria,20,509,3
386,2/13/2024,Nigeria,18,295,1
387,1/23/2024,Ghana,14,270,8
388,4/29/2023,Nigeria,0,392,3
389,4/6/2024,Ghana,16,193,2
390,2/21/2024,Nigeria,0,162,1
391,4/12/2024,Nigeria,16,365,3
392,6/9/2023,Ghana,16,426,5
393,3/4/2024,Ghana,16,355,3
394,4/10/2024,Ghana,16,286,4
395,3/23/2024,Nigeria,20,146,3
396,12/21/2023,Nigeria,13,60,3
397,2/19/2024,South Africa,17,361,2
398,4/6/2024,Ghana,17,482,2
399,1/3/2024,Kenya,10,374,5
400,3/21/2024,Sierra Leone,20,367,4
401,12/17/2023,Nigeria,17,302,2
402,3/5/2024,Ghana,22,301,2
403,3/4/2024,Ghana,19,442,3
404,4/13/2024,Ghana,19,271,2
405,2/17/2024,Kenya,17,439,4
406,4/11/2024,Ghana,17,88,2
407,2/6/2024,Nigeria,22,839,5
408,2/22/2024,South Africa,16,218,1
409,3/24/2024,Mozambique,14,304,4
410,3/3/2024,South Africa,17,207,2
411,5/3/2023,Ghana,0,102,2
412,2/15/2024,South Africa,16,216,4
413,4/10/2024,Ghana,18,210,5
414,4/24/2024,Nigeria,15,159,1
415,3/5/2024,South Africa,14,906,8
416,2/15/2024,Ghana,16,312,1
417,12/24/2023,Kenya,18,61,1
418,12/30/2023,Ghana,0,955,5
419,2/15/2024,Nigeria,14,372,4
420,2/20/2023,Nigeria,0,315,4
421,12/29/2023,Nigeria,14,430,2
422,1/5/2024,Ghana,17,132,1
423,4/4/2024,Ghana,27,187,1
424,3/4/2024,Nigeria,18,235,2
425,4/5/2024,Nigeria,14,269,4
426,2/2/2024,Nigeria,18,684,3
427,2/15/2024,United States and Caribbean,13,93,1
428,2/2/2024,Nigeria,22,738,7
429,3/17/2024,Nigeria,19,208,2
430,3/3/2024,Uganda,18,344,3
431,2/6/2024,Kenya,14,159,6
432,11/10/2023,Ghana,0,165,1
433,2/18/2024,South Africa,18,265,2
434,4/11/2024,Kenya,16,210,4
435,5/26/2023,Ghana,0,318,5
436,2/29/2024,Ghana,15,705,7
437,2/22/2024,South Africa,0,165,1
438,3/16/2024,Nigeria,0,799,4
439,5/27/2023,Ghana,16,414,3
440,1/15/2024,Ghana,13,108,2
441,2/2/2024,Nigeria,18,940,5
442,12/30/2023,Nigeria,19,89,1
443,3/22/2024,Nigeria,18,337,3
444,5/4/2023,Ghana,30,312,3
445,5/16/2023,Ghana,0,117,1
446,2/24/2024,Ghana,5,958,12
447,1/15/2023,Nigeria,0,217,4
448,12/16/2023,Nigeria,16,434,3
449,4/6/2024,Nigeria,17,854,4
450,4/24/2024,Ghana,13,156,1
451,1/3/2024,Kenya,17,202,3
452,3/25/2024,Mozambique,14,112,2
453,1/4/2023,Nigeria,0,52,1
454,3/6/2024,Uganda,21,542,8
455,2/1/2024,Ghana,26,213,4
456,4/9/2024,Ghana,16,742,8
457,4/24/2023,Nigeria,0,207,1
458,4/7/2024,Nigeria,16,169,1
459,3/28/2024,Ghana,18,148,2
460,3/5/2024,Nigeria,17,151,4
461,1/7/2024,Ghana,17,184,3
462,2/25/2024,Nigeria,16,328,4
463,5/17/2023,Sierra Leone,0,62,1
464,3/16/2024,Ghana,17,361,4
465,3/23/2023,Nigeria,0,45,1
466,3/3/2024,Kenya,22,211,1
467,2/2/2024,Nigeria,18,127,1
468,4/4/2024,Ghana,18,484,6
469,7/18/2023,Nigeria,14,180,2
470,12/16/2023,Nigeria,0,55,1
471,4/27/2024,Ghana,16,669,3
472,4/10/2024,Nigeria,19,172,1
473,4/16/2024,Nigeria,13,223,5
474,4/4/2024,Ghana,17,799,5
475,2/14/2024,Nigeria,19,358,2
476,3/14/2024,Ghana,19,298,3
477,3/23/2024,Ghana,22,164,2
478,12/13/2023,"Kazakhstan, Russia",28,244,7
479,2/13/2024,Nigeria,6,159,3
480,4/6/2024,Ghana,13,689,2
481,2/19/2024,Nigeria,17,593,3
482,4/11/2024,Ghana,15,293,2
483,1/10/2023,Ghana,0,94,6
484,3/13/2024,Nigeria,17,140,5
485,2/17/2024,Nigeria,19,215,1
486,4/18/2023,Ghana,17,197,4
487,1/2/2024,Kenya,13,100,1
488,1/3/2024,Uganda,0,735,2
489,3/18/2024,Ghana,14,692,9
490,4/10/2024,Ghana,16,542,5
491,2/15/2024,Nigeria,18,389,3
492,4/16/2024,Ghana,20,308,4
493,3/21/2024,Mozambique,15,489,3
494,2/23/2024,Nigeria,18,452,3
495,1/3/2024,Ghana,14,178,3
496,4/4/2024,Ghana,0,542,4
497,12/26/2023,Ghana,14,299,5
498,3/21/2024,Ghana,16,789,3
499,2/28/2024,South Africa,15,283,4
500,1/8/2024,South Africa,12,460,4
501,1/6/2024,Nigeria,17,350,4
502,6/29/2023,Nigeria,15,67,2
503,2/22/2024,Nigeria,17,168,4
504,3/28/2024,Nigeria,17,172,1
505,4/6/2024,Ghana,18,1990,18
506,12/15/2023,Nigeria,21,159,2
507,2/28/2024,Nigeria,21,647,3
508,2/6/2024,Nigeria,0,621,5
509,3/27/2023,Nigeria,0,155,2
510,2/26/2024,Nigeria,17,372,2
511,4/27/2024,Nigeria,11,331,2
512,12/18/2023,Nigeria,17,338,2
513,3/5/2024,Nigeria,16,160,3
514,3/14/2024,Nigeria,19,605,9
515,2/14/2024,Nigeria,30,207,2
516,1/1/2024,Nigeria,0,939,12
517,12/23/2023,Ghana,18,461,2
518,2/18/2024,Ghana,18,202,3
519,4/30/2024,Ghana,0,96,1
520,2/24/2024,Nigeria,17,155,1
521,2/7/2024,South Africa,18,755,4
522,2/13/2024,Nigeria,17,736,3
523,6/15/2023,Nigeria,14,148,1
524,2/7/2023,Nigeria,0,82,3
525,4/11/2023,Nigeria,0,231,3
526,5/5/2023,Nigeria,0,253,4
527,6/24/2023,Ghana,18,64,1
528,4/12/2024,Nigeria,14,281,4
529,3/15/2024,Nigeria,27,356,6
530,6/16/2023,Nigeria,17,182,2
531,2/21/2024,Ghana,19,162,1
532,4/18/2023,Ghana,0,95,2
533,#N/A,#N/A,#N/A,#N/A,#N/A
534,2/8/2024,South Africa,17,191,1
535,3/23/2024,Ghana,19,70,2
536,4/16/2024,Ghana,15,575,8
537,2/28/2024,Ghana,15,299,3
538,1/3/2024,Ghana,15,561,7
539,5/10/2023,Sierra Leone,0,179,3
540,3/1/2024,Nigeria,16,427,5
541,3/5/2024,Nigeria,13,241,4
542,1/7/2024,Nigeria,19,97,1
543,4/29/2024,Ghana,20,344,1
544,2/28/2024,Ghana,0,164,1
545,3/20/2024,South Africa,10,460,6
546,2/5/2024,Nigeria,14,562,5
547,2/13/2024,Nigeria,15,772,6
548,4/9/2024,Nigeria,18,310,2
549,3/2/2024,South Africa,13,244,1
550,2/1/2024,Nigeria,0,360,3
551,2/18/2024,Ghana,9,500,2
552,2/25/2024,Nigeria,15,108,1
553,4/5/2024,Ghana,18,195,3
554,4/5/2024,Ghana,18,254,3
555,1/4/2024,Nigeria,19,124,5
556,1/6/2024,Ghana,15,674,3
557,2/26/2024,Nigeria,15,451,3
558,3/5/2024,Nigeria,18,318,8
559,2/1/2024,Ghana,17,797,4
560,4/6/2024,Ghana,18,265,7
561,3/13/2024,Ghana,15,361,5
562,2/17/2024,Nigeria,19,829,3
563,12/10/2023,Ghana,12,295,5
564,12/24/2023,Ghana,19,47,3
565,4/8/2024,Nigeria,16,419,4
566,2/6/2024,Ghana,23,147,2
567,1/26/2023,Nigeria,0,210,3
568,2/20/2024,Nigeria,17,1028,3
569,2/23/2024,Nigeria,1,487,3
570,12/21/2023,Ghana,0,222,5
571,2/24/2024,Nigeria,16,372,3
572,2/23/2024,South Africa,20,349,6
573,4/20/2024,Ghana,14,131,2
574,3/23/2023,Nigeria,0,231,2
575,2/24/2024,Ghana,15,136,1
576,2/15/2024,Nigeria,28,189,3
577,5/27/2023,Ghana,19,142,1
578,2/6/2024,South Africa,15,486,3
579,2/24/2023,South Africa,47,2512,30
580,2/22/2024,South Africa,16,212,1
581,1/3/2024,Nigeria,14,169,1
582,3/23/2024,Mozambique,13,176,3
583,4/6/2024,Ghana,19,684,2
584,1/7/2024,United Kingdom,17,565,2
585,12/19/2023,Nigeria,0,263,3
586,12/26/2023,Ghana,20,49,1
587,1/4/2024,Nigeria,13,220,7
588,2/17/2024,South Africa,16,182,1
589,4/9/2024,Ghana,18,234,2
590,2/15/2024,Nigeria,18,315,4
591,#N/A,#N/A,#N/A,#N/A,#N/A
592,2/12/2024,Nigeria,16,335,2
593,2/27/2023,Nigeria,17,184,6
594,2/5/2024,Nigeria,19,656,8
595,2/21/2024,South Africa,17,144,2
596,4/8/2024,Nigeria,16,1794,6
597,1/5/2024,Nigeria,20,106,1
598,6/27/2023,Ghana,17,512,5
599,3/24/2024,Mozambique,0,332,2
600,3/4/2024,Nigeria,24,325,2
601,2/17/2024,Nigeria,15,183,2
602,3/13/2024,Nigeria,15,204,4
603,4/9/2024,Nigeria,15,294,3
604,4/6/2024,Ghana,19,331,3
605,4/7/2024,Ghana,18,379,2
606,2/6/2024,Nigeria,14,122,4
607,2/17/2024,South Africa,14,162,1
608,4/13/2023,Nigeria,0,894,4
609,2/16/2024,Ghana,16,100,3
610,4/8/2024,Nigeria,17,159,1
611,2/24/2024,Nigeria,20,232,5
612,2/16/2024,Ghana,20,215,1
613,12/23/2023,Ghana,18,894,5
614,2/16/2024,Uganda,16,289,6
615,4/22/2024,Ghana,12,477,5
616,2/5/2024,Nigeria,20,229,3
617,9/11/2023,Ghana,14,601,7
618,12/20/2023,Kenya,15,36,2
619,4/6/2024,Ghana,19,1407,7
620,3/4/2024,Nigeria,18,338,2
621,3/25/2024,South Africa,13,1034,7
622,1/1/2024,Ghana,0,818,6
623,4/8/2024,Nigeria,19,321,4
624,3/4/2024,Kenya,26,213,3
625,2/18/2024,South Africa,16,243,1
626,2/19/2024,Nigeria,18,167,1
627,4/22/2023,Ghana,0,89,4
628,3/7/2024,South Africa,21,125,1
629,1/8/2024,Ghana,13,192,1
630,2/20/2024,Nigeria,18,343,4
631,3/23/2024,Mozambique,14,1266,4
632,4/30/2024,Nigeria,0,722,4
633,2/7/2024,Nigeria,18,562,4
634,4/11/2024,Ghana,13,89,2
635,6/7/2023,Ghana,18,180,3
636,2/13/2024,Nigeria,20,193,2
637,1/5/2024,Nigeria,0,195,4
638,4/4/2024,Kenya,16,679,6
639,3/30/2024,Mozambique,13,315,1
640,1/25/2024,Ghana,0,458,4
641,3/20/2024,Nigeria,16,255,2
642,2/13/2024,Nigeria,32,313,4
643,2/4/2024,Uganda,17,98,2
644,1/8/2024,Nigeria,10,209,4
645,7/18/2023,Ghana,0,271,2
646,1/2/2024,Ghana,0,516,4
647,4/30/2023,Ghana,0,91,3
648,3/7/2023,Ghana,0,65,1
649,1/2/2024,Ghana,15,201,1
650,4/8/2024,Ghana,15,553,2
651,1/5/2024,Ghana,0,788,9
652,2/8/2024,Ghana,18,429,4
653,2/15/2024,Uganda,22,369,2
654,3/10/2024,Ghana,14,269,2
655,2/2/2024,Uganda,22,267,1
656,1/6/2024,Nigeria,15,192,8
657,3/9/2024,South Africa,13,251,3
658,1/4/2024,Ghana,18,241,5
659,3/19/2024,Ghana,21,149,1
660,12/22/2023,Nigeria,16,76,4
661,2/21/2024,Nigeria,16,506,4
662,2/1/2024,Tanzania,19,641,8
663,1/8/2024,Nigeria,10,121,3
664,2/29/2024,Nigeria,19,338,1
665,4/11/2024,Uganda,20,565,5
666,4/2/2023,Nigeria,0,33,2
667,3/23/2024,Nigeria,13,201,1
668,4/10/2024,Nigeria,0,145,2
669,2/14/2024,Nigeria,18,173,1
670,1/4/2024,Nigeria,0,119,4
671,3/24/2024,Nigeria,17,520,4
672,12/18/2023,Ghana,16,139,1
673,1/23/2023,Nigeria,0,171,1
674,4/25/2024,Nigeria,17,179,2
675,5/13/2023,Nigeria,18,774,6
676,2/16/2024,Kenya,8,160,3
677,2/21/2024,Nigeria,16,188,1
678,2/1/2024,Nigeria,16,346,1
679,2/20/2024,Nigeria,27,375,8
680,3/8/2024,Nigeria,16,134,1
681,3/15/2024,Nigeria,18,575,5
682,2/2/2024,Nigeria,11,869,8
683,4/5/2024,Ghana,16,362,1
684,6/25/2023,Ghana,18,39,1
685,1/3/2024,Nigeria,1,91,1
686,2/17/2024,South Africa,0,123,2
687,3/26/2024,Nigeria,18,305,3
688,3/26/2024,Nigeria,15,818,6
689,2/28/2024,Ghana,16,1193,7
690,3/5/2024,Nigeria,15,264,2
691,3/4/2024,Nigeria,19,574,2
692,1/6/2024,Ghana,18,361,3
693,4/9/2024,Ghana,35,380,1
694,1/8/2024,Ghana,15,573,4
695,2/28/2024,South Africa,19,579,4
696,4/28/2024,Ghana,13,159,2
697,3/2/2024,Nigeria,19,227,1
698,4/3/2023,Sierra Leone,0,113,4
699,4/27/2024,Ghana,13,140,1
700,2/14/2024,Nigeria,10,157,2
701,12/20/2023,Ghana,20,284,5
702,4/11/2023,Ghana,19,177,3
703,6/3/2023,Nigeria,17,433,4
704,5/16/2023,Nigeria,0,415,9
705,3/22/2024,Nigeria,19,310,3
706,3/1/2024,South Africa,16,360,14
707,2/15/2024,Nigeria,21,292,2
708,9/4/2023,Nigeria,16,49,1
709,1/16/2024,Nigeria,0,73,2
710,4/10/2024,Ghana,19,128,2
711,1/12/2024,Ghana,14,133,2
712,3/24/2024,Mozambique,12,158,1
713,2/9/2024,Nigeria,20,662,5
714,3/24/2024,Mozambique,15,271,1
715,3/19/2024,Nigeria,17,152,3
716,3/25/2024,Mozambique,0,363,2
717,4/6/2024,Ghana,14,173,3
718,3/2/2024,Nigeria,0,219,3
719,#N/A,#N/A,#N/A,#N/A,#N/A
720,3/27/2023,Ghana,0,75,4
721,5/20/2023,Nigeria,0,552,5
722,4/17/2024,Nigeria,13,510,4
723,3/16/2023,Ghana,0,71,2
724,3/3/2024,Nigeria,19,395,4
725,4/11/2024,Nigeria,17,235,1
726,3/20/2024,United Kingdom,12,225,1
727,2/15/2024,Nigeria,16,206,3
728,4/5/2024,Ghana,14,204,2
729,2/19/2024,Uganda,19,315,3
730,2/2/2024,Nigeria,15,548,28
731,12/20/2023,Nigeria,15,587,4
732,3/17/2024,Ghana,19,1499,7
733,#N/A,#N/A,#N/A,#N/A,#N/A
734,2/13/2024,Nigeria,0,1078,8
735,2/7/2024,Nigeria,18,263,3
736,2/15/2024,Ghana,12,136,4
737,3/4/2024,South Africa,18,145,3
738,3/9/2024,Ghana,15,237,4
739,2/23/2024,Kenya,12,296,2
740,4/5/2024,Ghana,14,309,3
741,6/23/2023,Ghana,12,427,5
742,4/9/2024,Ghana,20,886,9
743,4/9/2024,Ghana,19,167,1
744,2/12/2024,Nigeria,18,211,4
745,2/20/2024,Nigeria,16,171,2
746,4/22/2024,Ghana,16,465,3
747,12/24/2023,Ghana,16,164,2
748,3/4/2024,Ghana,0,745,6
749,2/2/2024,Uganda,17,236,2
750,4/5/2024,Ghana,14,696,5
751,2/15/2024,South Africa,15,227,1
752,2/25/2024,Ghana,22,290,8
753,8/9/2023,Ghana,14,119,1
754,3/2/2024,Kenya,17,219,2
755,4/20/2024,Nigeria,17,371,4
756,2/18/2024,Nigeria,9,270,3
757,4/3/2024,Ghana,16,248,2
758,1/8/2024,Kenya,14,105,1
759,3/23/2024,Mozambique,16,911,5
760,4/5/2024,Ghana,19,204,1
761,2/16/2024,Nigeria,15,423,3
762,3/3/2024,Nigeria,25,191,1
763,2/6/2024,South Africa,19,221,4
764,3/5/2024,Nigeria,16,225,3
765,12/17/2023,Nigeria,16,107,2
766,6/23/2023,Ghana,14,42,2
767,4/14/2024,Ghana,15,318,2
768,1/4/2024,Nigeria,20,92,1
769,4/10/2023,Nigeria,0,146,2
770,9/28/2023,Ghana,0,2839,13
771,3/21/2024,Ghana,16,567,7
772,2/19/2024,Nigeria,8,725,5
773,3/28/2023,Nigeria,0,108,2
774,3/25/2024,Nigeria,18,497,2
775,2/12/2023,Ghana,17,428,3
776,5/5/2023,Ghana,0,52,3
777,3/22/2024,Uganda,29,247,2
778,1/15/2024,South Africa,14,69,3
779,2/5/2024,South Africa,16,127,5
780,3/1/2024,South Africa,13,893,7
781,1/5/2024,Ghana,18,122,2
782,3/19/2024,Nigeria,19,803,5
783,1/3/2024,Ghana,17,102,2
784,3/24/2024,Mozambique,0,339,2
785,2/16/2024,Nigeria,17,264,4
786,4/12/2024,Ghana,21,286,3
787,3/25/2024,Mozambique,14,319,4
788,1/4/2024,Nigeria,18,448,3
789,4/22/2024,Nigeria,13,326,4
790,6/13/2023,Nigeria,0,134,3
791,1/5/2024,Ghana,16,116,1
792,4/4/2024,Ghana,16,430,7
793,4/14/2024,Mozambique,12,315,6
794,4/27/2024,Nigeria,15,131,1
795,2/24/2024,Nigeria,19,264,7
796,2/16/2024,Nigeria,18,726,8
797,2/12/2024,India,15,149,2
798,3/8/2024,Uganda,19,1096,8
799,3/5/2024,South Africa,16,292,1
800,1/2/2024,Nigeria,17,545,2
801,3/23/2024,Mozambique,15,499,3
802,2/3/2024,Uganda,18,322,2
803,3/2/2023,India,15,986,22
804,4/9/2024,Ghana,15,232,5
805,4/23/2024,Ghana,14,440,6
806,2/15/2024,Nigeria,20,278,3
807,2/5/2024,Ghana,18,277,3
808,4/3/2024,Nigeria,28,193,1
809,3/19/2024,Ghana,19,193,2
810,1/5/2024,South Africa,19,111,2
811,4/9/2023,Nigeria,0,496,4
812,1/5/2024,Ghana,27,232,6
813,12/24/2023,Nigeria,17,108,2
814,2/22/2024,Nigeria,0,391,5
815,2/17/2024,Ghana,17,184,2
816,3/23/2024,Nigeria,12,1155,9
817,2/20/2024,Nigeria,18,317,8
818,6/4/2023,Nigeria,19,904,7
819,3/27/2023,Nigeria,0,165,2
820,2/22/2024,Nigeria,18,643,3
821,4/13/2024,Ghana,12,165,4
822,2/5/2024,Nigeria,18,136,2
823,4/5/2024,Nigeria,21,178,4
824,2/2/2024,Ghana,22,616,2
825,3/17/2024,Kenya,27,1052,5
826,4/5/2024,Ghana,19,151,2
827,1/6/2024,Nigeria,18,422,3
828,2/6/2024,Nigeria,18,343,3
829,4/5/2024,Ghana,16,1034,8
830,2/17/2024,Ghana,19,546,3
831,4/5/2023,Nigeria,18,171,3
832,2/18/2024,Ghana,15,141,2
833,1/27/2024,Uganda,16,714,6
834,2/19/2024,Ghana,14,486,7
835,3/24/2024,Nigeria,18,332,2
836,3/10/2024,Nigeria,16,628,4
837,4/8/2023,Nigeria,0,807,11
838,3/20/2024,Ghana,13,382,2
839,4/25/2024,Nigeria,19,175,2
840,1/5/2024,Nigeria,0,138,1
841,6/8/2023,Ghana,0,562,4
842,5/26/2023,Nigeria,0,97,1
843,2/22/2024,South Africa,15,145,3
844,4/8/2024,Ghana,19,589,4
845,4/8/2024,Ghana,17,185,2
846,4/20/2024,Kenya,14,149,4
847,3/24/2024,Mozambique,13,855,6
848,3/12/2024,Ghana,14,312,5
849,2/2/2024,Uganda,2,728,5
850,3/24/2024,Ghana,19,460,1
851,3/1/2024,Nigeria,19,1648,8
852,3/15/2024,Nigeria,19,530,4
853,3/3/2024,South Africa,0,401,4
854,12/17/2023,Ghana,18,44,1
855,4/19/2024,Ghana,15,1222,13
856,2/25/2024,South Africa,20,324,2
857,1/7/2024,Nigeria,18,1842,4
858,4/6/2024,Ghana,14,746,4
859,4/15/2024,Kenya,18,449,1
860,3/6/2024,Ghana,19,150,5
861,2/21/2024,Nigeria,11,206,2
862,4/7/2023,Sierra Leone,0,214,2
863,1/7/2024,Nigeria,20,108,1
864,3/5/2024,Uganda,17,194,2
865,5/11/2023,Sierra Leone,19,39,3
866,5/7/2023,Nigeria,0,142,2
867,3/2/2024,South Africa,16,434,5
868,2/21/2024,South Africa,18,351,3
869,12/27/2023,Ghana,14,99,1
870,5/2/2023,Nigeria,0,124,2
871,2/7/2024,Nigeria,13,170,3
872,12/19/2023,Nigeria,19,535,3
873,5/19/2023,Nigeria,0,265,3
874,2/18/2024,Ghana,4,1282,12
875,12/17/2023,Nigeria,22,80,1
876,4/22/2024,Nigeria,15,176,2
877,4/12/2024,Nigeria,17,398,7
878,5/1/2023,Nigeria,0,71,2
879,4/19/2023,Nigeria,0,91,3
880,4/6/2024,Nigeria,17,428,6
881,3/20/2024,Nigeria,19,206,2
882,2/24/2024,Uganda,0,238,2
883,2/29/2024,South Africa,19,176,1
884,2/14/2024,South Africa,13,226,4
885,4/24/2023,Nigeria,0,185,5
886,1/8/2024,Uganda,12,269,6
887,5/20/2023,Nigeria,0,137,4
888,3/18/2023,Nigeria,0,75,1
889,3/22/2024,Mozambique,13,944,7
890,3/4/2024,Nigeria,18,228,3
891,1/5/2024,Nigeria,18,247,4
892,#N/A,#N/A,#N/A,#N/A,#N/A
893,2/26/2024,Nigeria,35,232,5
894,4/9/2024,Nigeria,13,292,3
895,3/22/2024,Nigeria,18,894,5
896,3/19/2024,Nigeria,25,316,3
897,2/13/2024,Uganda,0,278,4
898,2/24/2024,Nigeria,45,234,3
899,2/7/2024,Uganda,17,182,4
900,2/22/2024,Ghana,15,167,2
901,2/16/2024,Ghana,19,355,3
902,4/5/2023,Ghana,22,248,4
903,2/15/2024,Nigeria,20,120,2
904,2/18/2024,Ghana,37,177,2
905,3/19/2024,Ghana,18,414,3
906,4/13/2024,Nigeria,18,158,1
907,2/29/2024,Ghana,18,376,6
908,3/4/2024,South Africa,18,330,5
909,2/24/2024,South Africa,13,277,7
910,3/24/2023,Nigeria,0,456,10
911,2/26/2024,Nigeria,18,989,11
912,3/2/2024,South Africa,19,180,1
913,3/22/2024,Mozambique,15,526,5
914,2/15/2024,Ghana,18,459,3
915,4/7/2024,Nigeria,15,260,3
916,4/14/2023,Ghana,0,218,3
917,4/7/2024,Nigeria,18,442,2
918,4/6/2024,Nigeria,13,531,6
919,2/7/2024,South Africa,15,200,3
920,3/3/2024,Nigeria,16,235,3
921,2/13/2024,Nigeria,0,165,1
922,2/15/2024,South Africa,19,305,1
923,4/12/2024,Ghana,15,1185,13
924,3/18/2024,Nigeria,11,2962,6
925,3/5/2024,Ghana,18,270,4
926,5/23/2023,Nigeria,0,67,3
927,4/8/2024,Ghana,18,119,1
928,4/8/2024,Nigeria,18,1193,11
929,12/30/2023,United States and Caribbean,0,535,3
930,2/13/2024,Nigeria,14,497,3
931,5/23/2023,Ghana,0,36,3
932,3/9/2024,Nigeria,12,145,2
933,3/18/2024,Ghana,19,201,2
934,2/14/2024,Nigeria,18,429,3
935,2/6/2024,Uganda,0,259,3
936,2/2/2024,Nigeria,32,1018,5
937,3/23/2024,Nigeria,19,238,2
938,2/13/2024,Nigeria,12,443,3
939,1/25/2023,Ghana,0,133,1
940,5/29/2023,Nigeria,16,35,1
941,6/23/2023,Nigeria,16,28,1
942,2/20/2024,Ghana,14,273,2
943,4/6/2024,Ghana,15,452,10
944,2/21/2023,Nigeria,0,185,2
945,3/21/2024,Ghana,30,330,3
946,4/24/2024,Uganda,19,128,3
947,3/3/2024,Nigeria,17,767,10
948,4/29/2024,Ghana,16,163,3
949,3/21/2024,Nigeria,18,462,6
950,3/2/2024,Nigeria,19,149,2
951,3/2/2024,Nigeria,0,581,4
952,4/5/2024,Nigeria,20,194,2
953,5/9/2023,Ethiopia,0,83,2
954,4/7/2024,Ghana,19,129,2
955,3/23/2024,Sierra Leone,18,395,2
956,2/12/2024,Ghana,18,122,1
957,1/4/2024,Nigeria,15,120,3
958,4/7/2024,Nigeria,15,237,4
959,2/28/2024,Nigeria,19,137,1
960,3/8/2024,Kenya,24,240,3
961,4/21/2024,Uganda,17,476,3
962,3/22/2024,Nigeria,19,445,6
963,4/27/2024,Uganda,16,605,2
964,3/3/2024,Nigeria,0,287,2
965,4/8/2024,Nigeria,19,350,2
966,3/20/2024,Nigeria,19,129,2
967,3/2/2024,Nigeria,17,420,4
968,2/18/2024,Ghana,24,158,1
969,2/15/2024,Nigeria,20,352,3
970,2/22/2024,Ghana,0,560,3
971,2/27/2024,Kenya,0,806,6
972,4/30/2024,Ghana,15,197,3
973,1/4/2024,Nigeria,17,220,2
974,2/13/2024,Nigeria,15,186,2
975,4/10/2024,Ghana,21,217,2
976,3/7/2024,Ghana,17,246,1
977,1/5/2024,Uganda,12,341,4
978,2/16/2024,Kenya,21,228,1
979,3/8/2024,Ghana,27,1520,8
980,2/15/2024,South Africa,19,446,2
981,3/7/2024,Ghana,18,183,3
982,4/9/2024,Nigeria,34,224,2
983,6/18/2023,Nigeria,15,194,2
984,2/17/2024,Ghana,17,607,4
985,4/11/2024,Ghana,18,450,3
986,2/17/2024,Nigeria,17,124,2
987,2/17/2024,Ghana,9,727,10
988,6/6/2023,Nigeria,0,85,3
989,2/18/2024,Nigeria,16,312,7
990,4/6/2024,Nigeria,20,233,2
991,4/3/2024,Nigeria,19,1278,11
992,6/9/2023,Nigeria,32,327,5
993,1/7/2024,Nigeria,15,141,2
994,4/17/2024,Ghana,14,644,5
995,3/23/2024,Mozambique,13,204,1
996,2/16/2024,Nigeria,16,1145,6
997,1/3/2024,Ghana,18,233,3
998,4/1/2023,Ghana,0,415,2
999,3/3/2024,Uganda,21,244,3
1000,5/11/2023,Ghana,0,121,2
1001,4/9/2024,Nigeria,15,314,3
1002,4/11/2023,Ghana,23,163,3
1003,#N/A,#N/A,#N/A,#N/A,#N/A
1004,2/15/2024,Nigeria,16,174,2
1005,4/16/2024,Ghana,14,630,7
1006,3/7/2024,Nigeria,20,683,10
1007,2/22/2024,Ghana,20,464,3
1008,4/8/2024,Ghana,17,128,1
1009,1/2/2024,Nigeria,17,87,2
1010,3/21/2024,Uganda,22,244,2
1011,4/9/2024,Nigeria,37,294,3
1012,2/18/2024,Ghana,15,302,2
1013,2/16/2024,Ghana,32,158,3
1014,4/5/2024,Nigeria,0,183,4
1015,6/28/2023,Nigeria,17,240,5
1016,6/16/2023,Nigeria,87,13,2
1017,12/31/2023,Ghana,15,318,3
1018,12/19/2023,Ghana,18,165,2
1019,1/5/2024,Nigeria,0,299,8
1020,3/21/2024,Uganda,22,843,4
1021,4/4/2024,Ghana,18,441,2
1022,3/14/2024,Nigeria,15,1318,13
1023,4/9/2024,Nigeria,15,137,1
1024,3/10/2024,South Africa,12,163,5
1025,3/15/2024,Nigeria,15,178,2
1026,1/1/2024,Ghana,16,104,2
1027,2/14/2024,Nigeria,18,177,3
1028,12/17/2023,Ghana,17,108,2
1029,3/8/2024,Brazil,16,154,1
1030,2/12/2024,Nigeria,15,222,5
1031,#N/A,#N/A,#N/A,#N/A,#N/A
1032,4/29/2024,Nigeria,20,623,6
1033,2/20/2024,South Africa,0,126,2
1034,1/4/2024,Nigeria,15,181,5
1035,4/15/2024,Ghana,16,117,2
1036,3/2/2024,Nigeria,18,199,3
1037,4/11/2024,Ghana,20,352,5
1038,4/27/2024,Ghana,15,129,2
1039,1/8/2024,Ghana,17,80,1
1040,2/23/2024,Nigeria,18,367,4
1041,4/29/2023,Nigeria,0,118,3
1042,3/23/2024,Mozambique,14,152,1
1043,2/22/2024,Nigeria,16,265,1
1044,2/17/2024,Nigeria,17,160,3
1045,4/23/2024,Ghana,12,213,2
1046,2/14/2024,Ghana,0,292,2
1047,2/15/2024,Uganda,20,174,3
1048,2/19/2024,South Africa,17,130,3
1049,3/16/2024,Nigeria,17,834,6
1050,#N/A,#N/A,#N/A,#N/A,#N/A
1051,2/17/2024,Nigeria,16,935,5
1052,4/10/2024,Ghana,12,168,1
1053,2/17/2024,South Africa,16,136,1
1054,2/14/2024,Nigeria,0,464,4
1055,4/6/2024,Ghana,17,1112,12
1056,4/12/2024,Nigeria,17,556,4
1057,2/26/2024,Nigeria,12,210,3
1058,4/7/2024,Nigeria,16,160,1
1059,3/1/2024,Ghana,43,176,2
1060,3/16/2024,Ghana,19,952,7
1061,6/4/2023,Ghana,15,192,4
1062,6/30/2023,Ghana,15,317,8
1063,1/5/2023,Nigeria,0,481,2
1064,2/21/2024,Nigeria,0,315,2
1065,#N/A,#N/A,#N/A,#N/A,#N/A
1066,6/21/2023,Nigeria,13,301,5
1067,2/16/2024,Ghana,20,423,4
1068,3/19/2024,Nigeria,0,394,4
1069,12/31/2023,Ghana,16,541,9
1070,3/9/2024,South Africa,24,310,3
1071,5/12/2023,Nigeria,0,152,2
1072,3/24/2024,Ghana,12,368,2
1073,3/22/2024,Nigeria,17,504,4
1074,2/18/2024,Ghana,11,592,3
1075,2/15/2024,South Africa,18,195,4
1076,1/6/2024,Nigeria,0,380,2
1077,2/17/2024,Ghana,17,363,3
1078,2/13/2024,Ghana,20,349,3
1079,4/6/2024,Ghana,16,198,2
1080,2/25/2024,Nigeria,14,254,2
1081,6/28/2023,Ghana,0,404,4
1082,2/14/2024,Ghana,23,959,6
1083,2/16/2024,Nigeria,18,827,11
1084,1/8/2024,South Africa,37,643,9
1085,4/23/2024,Nigeria,16,142,4
1086,3/3/2024,Ghana,20,326,3
1087,5/13/2023,Sierra Leone,27,167,3
1088,2/22/2024,Uganda,19,244,2
1089,12/24/2023,Nigeria,16,93,2
1090,3/28/2024,Mozambique,13,311,5
1091,2/14/2024,Nigeria,0,1063,5
1092,2/25/2024,Nigeria,17,389,4
1093,3/13/2024,Ghana,16,211,2
1094,3/16/2024,Nigeria,18,571,5
1095,4/26/2024,Ghana,0,552,4
1096,3/31/2024,Mozambique,14,184,1
1097,4/25/2024,Ghana,16,338,4
1098,5/14/2023,Nigeria,0,76,4
1099,3/8/2024,Uganda,27,336,2
1100,4/3/2024,Ghana,18,515,4
1101,2/26/2024,South Africa,18,128,2
1102,12/21/2023,Nigeria,17,175,2
1103,2/17/2024,South Africa,19,264,2
1104,12/17/2023,Nigeria,13,994,12
1105,2/14/2024,Nigeria,14,866,4
1106,1/7/2024,South Africa,16,653,5
1107,2/17/2024,Ghana,16,223,4
1108,5/11/2023,Nigeria,0,111,1
1109,4/11/2024,Nigeria,18,461,5
1110,3/7/2024,Ghana,25,221,1
1111,4/24/2023,Sierra Leone,12,1238,5
1112,2/25/2024,Uganda,18,127,1
1113,3/3/2024,Nigeria,18,330,4
1114,1/13/2024,Ghana,15,880,5
1115,3/20/2024,Ghana,18,238,1
1116,3/4/2024,Ghana,23,501,2
1117,2/14/2024,Ghana,6,515,5
1118,3/24/2024,Ghana,15,277,3
1119,1/16/2024,Nigeria,19,201,2
1120,2/14/2024,Nigeria,0,256,3
1121,2/18/2024,Nigeria,16,545,4
1122,3/24/2024,Mozambique,14,188,3
1123,2/18/2024,South Africa,16,250,1
1124,2/14/2024,Ghana,0,269,3
1125,2/13/2024,Ghana,16,186,2
1126,2/7/2024,South Africa,20,116,2
1127,2/24/2024,Ghana,18,707,8
1128,3/6/2024,Ghana,16,364,3
1129,2/9/2024,Uganda,18,202,1
1130,1/2/2024,South Africa,15,216,2
1131,2/18/2024,Nigeria,14,263,2
1132,2/26/2024,South Africa,16,127,1
1133,2/2/2024,Ghana,18,123,4
1134,4/10/2024,Nigeria,17,388,3
1135,3/2/2024,Ghana,29,214,2
1136,12/20/2023,Nigeria,0,35,2
1137,1/3/2024,Ghana,18,231,5
1138,6/8/2023,Sierra Leone,0,71,3
1139,1/5/2024,Nigeria,0,115,3
1140,1/8/2024,South Africa,15,304,3
1141,4/10/2024,Nigeria,16,571,3
1142,2/20/2024,Nigeria,18,2851,8
1143,12/19/2023,Nigeria,0,1215,14
1144,2/13/2024,Nigeria,19,1310,5
1145,2/4/2024,Nigeria,21,205,6
1146,3/17/2023,Nigeria,0,235,3
1147,2/28/2024,Nigeria,11,758,3
1148,2/14/2024,South Africa,16,230,5
1149,3/4/2024,Kenya,30,299,2
1150,2/2/2024,Uganda,18,450,4
1151,2/28/2024,Nigeria,17,572,4
1152,2/18/2024,South Africa,0,405,1
1153,4/10/2024,Ghana,14,140,2
1154,4/8/2024,Ghana,18,301,4
1155,4/16/2024,Nigeria,13,176,3
1156,3/4/2024,Uganda,17,142,2
1157,2/24/2024,Kenya,18,146,1
1158,3/4/2024,Nigeria,15,548,5
1159,2/17/2024,South Africa,15,131,1
1160,2/7/2024,Nigeria,19,236,3
1161,4/11/2024,Uganda,0,165,3
1162,2/16/2024,Nigeria,19,142,3
1163,2/25/2024,Uganda,20,167,4
1164,3/22/2024,Nigeria,16,255,1
1165,3/7/2024,Ghana,17,422,2
1166,3/25/2023,Sierra Leone,0,99,5
1167,3/9/2024,Ghana,12,310,6
1168,2/28/2024,Nigeria,14,155,2
1169,1/2/2024,Nigeria,18,351,4
1170,6/22/2023,Nigeria,21,54,3
1171,3/7/2024,Ghana,30,111,1
1172,3/2/2024,Uganda,18,872,4
1173,4/16/2024,Nigeria,15,239,4
1174,3/5/2024,South Africa,15,157,1
1175,4/7/2024,Nigeria,18,337,2
1176,12/22/2023,Nigeria,17,104,1
1177,3/31/2023,Nigeria,0,108,3
1178,2/28/2024,Nigeria,20,162,1
1179,2/17/2024,Nigeria,11,460,3
1180,3/14/2024,Nigeria,17,522,5
1181,2/25/2024,Nigeria,16,814,4
1182,2/19/2024,Nigeria,20,181,2
1183,12/30/2023,Nigeria,15,792,2
1184,3/2/2024,Ghana,18,691,4
1185,2/15/2024,Nigeria,0,185,3
1186,12/28/2023,Ghana,14,108,1
1187,2/6/2024,Uganda,18,434,10
1188,2/4/2024,Ghana,18,141,2
1189,12/23/2023,South Africa,16,46,1
1190,4/11/2023,Nigeria,0,110,2
1191,3/1/2024,South Africa,19,120,3
1192,3/27/2023,Ghana,0,533,3
1193,3/25/2024,Nigeria,17,245,1
1194,2/17/2024,Ghana,1,390,6
1195,11/17/2023,Ghana,15,69,2
1196,3/23/2024,Mozambique,18,395,5
1197,12/23/2023,Nigeria,18,58,4
1198,5/13/2023,Ghana,0,295,10
1199,1/2/2024,Ghana,18,613,3
1200,4/20/2023,Nigeria,0,193,2
1201,2/7/2024,Nigeria,17,1027,5
1202,2/14/2024,Nigeria,26,282,2
1203,4/11/2024,Ghana,18,1587,10
1204,2/6/2024,Nigeria,21,729,5
1205,4/12/2023,Nigeria,0,537,7
1206,6/11/2023,Ghana,0,81,3
1207,2/15/2024,Ghana,13,248,1
1208,2/25/2024,Nigeria,16,111,1
1209,2/16/2024,Ghana,19,277,2
1210,2/1/2024,Uganda,22,483,4
1211,3/7/2024,Kenya,20,211,4
1212,3/22/2024,Nigeria,19,131,1
1213,2/2/2024,Uganda,18,258,1
1214,2/19/2024,South Africa,13,339,4
1215,2/25/2024,Nigeria,0,497,6
1216,3/7/2024,Ghana,20,156,1
1217,2/20/2024,Nigeria,12,421,1
1218,3/1/2024,Uganda,48,307,2
1219,3/4/2024,Nigeria,17,809,5
1220,4/28/2023,Nigeria,0,68,1
1221,12/23/2023,Nigeria,0,94,1
1222,4/11/2024,Ghana,18,258,2
1223,2/4/2024,Nigeria,21,298,3
1224,2/18/2024,Nigeria,15,912,4
1225,2/7/2024,Nigeria,16,988,4
1226,3/4/2024,Kenya,18,530,2
1227,2/1/2024,Nigeria,15,374,3
1228,1/2/2024,Ghana,17,370,1
1229,5/10/2023,Ghana,0,280,5
1230,2/21/2024,South Africa,15,162,1
1231,2/7/2024,Nigeria,13,281,4
1232,2/29/2024,Nigeria,15,201,3
1233,3/25/2023,Ghana,0,17,3
1234,2/14/2024,Nigeria,18,192,3
1235,3/17/2024,Ghana,15,236,3
1236,2/23/2024,South Africa,18,275,2
1237,4/1/2023,Nigeria,0,86,2
1238,4/6/2024,Nigeria,19,151,1
1239,2/7/2024,Ghana,19,1210,8
1240,2/17/2024,Ghana,18,260,2
1241,4/30/2023,Ghana,17,62,1
1242,3/21/2024,Nigeria,24,344,3
1243,2/14/2024,Nigeria,21,702,8
1244,1/4/2024,South Africa,16,197,3
1245,2/6/2024,Nigeria,19,355,3
1246,2/7/2024,Nigeria,18,360,4
1247,2/20/2024,Nigeria,20,328,3
1248,2/14/2024,Nigeria,23,213,2
1249,1/17/2023,Nigeria,0,740,8
1250,3/23/2024,Nigeria,18,113,1
1251,4/25/2024,Ghana,18,344,2
1252,#N/A,#N/A,#N/A,#N/A,#N/A
1253,2/4/2024,Nigeria,18,586,4
1254,2/13/2024,Ghana,18,513,5
1255,4/27/2024,Ghana,17,489,3
1256,2/1/2024,Nigeria,20,479,4
1257,1/1/2024,Nigeria,18,225,2
1258,1/4/2024,Ghana,16,211,3
1259,4/7/2024,Nigeria,14,177,2
1260,3/24/2024,Ghana,14,675,4
1261,1/28/2024,Uganda,0,2137,16
1262,12/20/2023,Nigeria,17,411,1
1263,2/22/2024,Ghana,17,529,8
1264,5/14/2023,Nigeria,0,149,2
1265,1/24/2023,Nigeria,0,75,1
1266,5/4/2023,Nigeria,0,46,1
1267,2/13/2024,Nigeria,16,195,2
1268,1/15/2024,Nigeria,0,85,3
1269,5/29/2023,Nigeria,17,115,1
1270,12/24/2023,Nigeria,18,173,8
1271,4/22/2024,Nigeria,18,695,4
1272,3/22/2024,Ghana,15,885,9
1273,3/25/2024,Nigeria,18,200,1
1274,3/16/2024,Ghana,16,1116,7
1275,6/14/2023,Ghana,0,138,1
1276,2/2/2024,Uganda,17,565,3
1277,2/24/2024,Ghana,19,218,3
1278,3/8/2024,Ghana,16,663,5
1279,4/2/2024,South Africa,18,752,4
1280,3/8/2024,Ghana,16,551,3
1281,4/4/2024,Ghana,13,1778,19
1282,5/10/2023,Nigeria,0,91,2
1283,2/21/2024,Nigeria,18,249,2
1284,2/28/2024,South Africa,21,180,3
1285,2/16/2024,Ghana,0,157,4
1286,2/29/2024,Ghana,24,134,1
1287,4/7/2024,Ghana,12,328,3
1288,1/7/2024,Ghana,13,161,2
1289,2/2/2024,Nigeria,17,237,3
1290,3/2/2024,Ghana,19,374,5
1291,2/17/2024,South Africa,14,575,2
1292,3/8/2024,Ghana,26,290,4
1293,3/2/2024,Nigeria,16,197,2
1294,4/13/2024,Ghana,13,532,8
1295,3/18/2024,Nigeria,13,201,2
1296,#N/A,#N/A,#N/A,#N/A,#N/A
1297,3/27/2024,Mozambique,15,181,1
1298,2/18/2024,Nigeria,0,524,3
1299,6/1/2023,Sierra Leone,15,1647,6
1300,2/20/2024,Nigeria,18,772,3
1301,2/15/2024,South Africa,18,145,3
1302,4/6/2024,Nigeria,18,1426,8
1303,3/24/2024,Nigeria,19,335,4
1304,2/5/2024,Ghana,18,649,5
1305,2/26/2024,Ghana,20,336,4
1306,2/3/2024,Ghana,15,476,8
1307,12/29/2023,Ghana,18,110,1
1308,1/20/2024,Ghana,0,498,3
1309,4/23/2024,Nigeria,19,115,3
1310,1/5/2024,Uganda,0,543,5
1311,2/2/2024,Uganda,17,312,7
1312,2/3/2024,Nigeria,16,228,5
1313,3/15/2024,Uganda,18,203,1
1314,2/18/2024,Ghana,17,635,2
1315,4/10/2024,Nigeria,13,285,3
1316,2/17/2024,Nigeria,15,366,7
1317,2/15/2024,South Africa,19,147,2
1318,12/17/2023,Nigeria,15,387,5
1319,2/23/2024,Nigeria,19,296,1
1320,9/8/2023,United Kingdom,27,902,15
1321,1/7/2024,South Africa,18,126,4
1322,1/5/2024,Nigeria,14,152,2
1323,2/2/2024,Uganda,17,681,4
1324,1/4/2024,Nigeria,15,229,1
1325,4/7/2024,Nigeria,16,187,1
1326,4/10/2024,Nigeria,17,657,3
1327,2/19/2024,Ghana,14,268,4
1328,3/9/2024,United Kingdom,10,297,6
1329,12/23/2023,Nigeria,20,86,3
1330,3/22/2024,Ghana,15,260,1
1331,4/6/2024,Ghana,20,746,5
1332,1/2/2024,Nigeria,15,66,3
1333,3/12/2024,Ethiopia,12,447,7
1334,1/10/2024,Ghana,14,354,4
1335,3/4/2024,Nigeria,0,581,3
1336,5/22/2023,Ghana,0,133,2
1337,4/9/2024,Ghana,20,361,3
1338,2/18/2024,South Africa,29,459,6
1339,4/10/2024,Nigeria,17,115,1
1340,4/27/2024,Nigeria,11,229,1
1341,4/29/2023,Nigeria,42,838,8
1342,3/15/2024,Ghana,16,956,11
1343,2/24/2024,Nigeria,16,186,1
1344,4/8/2024,South Africa,19,114,1
1345,2/23/2024,Nigeria,14,288,3
1346,3/4/2024,South Africa,20,125,2
1347,4/6/2024,Nigeria,16,164,3
1348,4/3/2024,Nigeria,18,321,3
1349,2/26/2023,Ghana,0,26,4
1350,12/18/2023,Ghana,15,71,1
1351,1/8/2024,Ghana,16,218,4
1352,2/1/2024,Nigeria,18,229,3
1353,2/17/2024,Nigeria,18,495,4
1354,3/9/2024,Ghana,19,208,1
1355,6/19/2023,South Africa,17,834,15
1356,3/4/2024,South Africa,19,147,1
1357,2/18/2024,Nigeria,17,389,1
1358,12/11/2023,Nigeria,0,567,3
1359,3/15/2024,Nigeria,19,163,3
1360,3/22/2024,Mozambique,14,419,8
1361,2/19/2024,South Africa,18,427,1
1362,2/16/2024,Ghana,26,378,3
1363,2/16/2024,Nigeria,19,256,1
1364,2/13/2024,Nigeria,18,223,2
1365,1/4/2024,Ghana,14,246,1
1366,4/8/2024,Ghana,14,277,2
1367,3/12/2024,Ethiopia,15,295,2
1368,4/23/2024,Nigeria,15,473,5
1369,4/8/2024,Ghana,15,642,10
1370,2/18/2024,Uganda,19,1177,6
1371,3/23/2023,Ghana,0,240,3
1372,2/17/2024,Nigeria,16,607,4
1373,12/30/2023,South Africa,16,67,2
1374,2/13/2024,Nigeria,14,370,2
1375,4/11/2024,Ghana,17,474,3
1376,4/28/2024,Ghana,12,338,2
1377,2/19/2024,Ghana,18,876,7
1378,3/19/2023,Ghana,0,226,2
1379,3/26/2024,Nigeria,16,475,6
1380,2/5/2024,Nigeria,20,194,4
1381,2/2/2024,Nigeria,19,365,2
1382,4/3/2024,Nigeria,17,692,6
1383,3/16/2024,Kenya,14,572,5
1384,2/22/2024,South Africa,17,157,1
1385,10/1/2023,Nigeria,17,604,7
1386,3/7/2024,Ivory Coast,23,387,1
1387,1/23/2024,Ghana,14,184,2
1388,4/9/2024,Nigeria,16,160,1
1389,2/22/2024,Nigeria,15,504,6
1390,4/17/2023,Nigeria,0,99,3
1391,3/24/2024,Ghana,16,323,3
1392,4/8/2024,Ghana,18,680,4
1393,2/16/2024,Ghana,18,1190,6
1394,4/17/2024,Nigeria,18,353,4
1395,5/3/2023,Nigeria,0,360,2
1396,2/6/2024,Nigeria,16,270,3
1397,2/20/2024,Nigeria,16,161,1
1398,4/24/2023,Nigeria,0,111,6
1399,#N/A,#N/A,#N/A,#N/A,#N/A
1400,2/14/2024,Ghana,16,874,4
1401,2/28/2024,South Africa,17,222,3
1402,2/16/2024,Nigeria,19,234,2
1403,6/30/2023,Nigeria,20,96,1
1404,3/2/2024,Nigeria,16,382,6
1405,4/7/2024,South Africa,16,357,6
1406,1/4/2024,Nigeria,16,276,5
1407,2/15/2024,Kenya,24,263,3
1408,1/2/2024,Uganda,18,413,8
1409,#N/A,#N/A,#N/A,#N/A,#N/A
1410,1/1/2024,Nigeria,12,211,2
1411,2/17/2024,Nigeria,18,443,4
1412,12/21/2023,Nigeria,28,135,1
1413,1/8/2024,Nigeria,0,107,1
1414,4/6/2024,Ghana,16,324,1
1415,3/19/2024,Ghana,20,576,2
1416,6/22/2023,Sierra Leone,0,105,2
1417,4/7/2024,Nigeria,16,928,14
1418,4/4/2024,Nigeria,18,391,3
1419,3/4/2024,Ghana,19,153,1
1420,5/22/2023,Nigeria,19,221,4
1421,2/20/2024,South Africa,16,349,7
1422,2/6/2024,Ghana,18,478,6
1423,2/18/2024,Nigeria,16,494,5
1424,12/17/2023,Nigeria,18,98,8
1425,3/7/2024,Nigeria,17,689,4
1426,3/5/2024,Nigeria,23,353,6
1427,2/19/2024,South Africa,0,270,2
1428,5/12/2023,Nigeria,16,214,1
1429,3/5/2024,Ghana,18,175,2
1430,2/16/2024,Ghana,17,245,1
1431,2/25/2024,Zimbabwe,0,508,1
1432,5/30/2023,Nigeria,15,116,2
1433,3/22/2023,Sierra Leone,0,77,1
1434,2/20/2024,Nigeria,16,231,3
1435,4/10/2024,Nigeria,13,387,4
1436,12/30/2023,Nigeria,0,206,3
1437,5/25/2023,Sierra Leone,0,22,2
1438,3/16/2024,Nigeria,17,435,2
1439,2/19/2024,Uganda,30,302,4
1440,2/3/2024,Ghana,16,257,7
1441,12/29/2023,Uganda,18,99,3
1442,3/10/2024,South Africa,16,239,4
1443,12/17/2023,Nigeria,19,104,3
1444,2/20/2024,South Africa,17,113,1
1445,2/13/2024,Ghana,11,1440,7
1446,6/12/2023,Sierra Leone,20,1059,4
1447,4/11/2024,Uganda,19,315,2
1448,4/6/2024,Ghana,17,819,4
1449,6/18/2023,Nigeria,17,95,1
1450,2/29/2024,South Africa,19,547,2
1451,2/18/2024,Ghana,17,942,6
1452,2/22/2024,Nigeria,14,296,6
1453,1/16/2023,Ghana,0,524,4
1454,1/8/2024,Kenya,14,107,1
1455,3/24/2024,Mozambique,0,562,3
1456,1/4/2024,Nigeria,21,812,5
1457,5/22/2023,Nigeria,0,34,1
1458,2/3/2024,Nigeria,16,257,3
1459,4/14/2024,Nigeria,0,189,1
1460,4/21/2023,Ghana,0,105,5
1461,2/3/2024,Kenya,19,118,2
1462,5/3/2023,Nigeria,0,54,2
1463,3/4/2024,Nigeria,18,227,3
1464,2/17/2024,Nigeria,20,779,2
1465,2/8/2024,Nigeria,18,220,1
1466,4/6/2024,Ghana,17,127,2
1467,2/8/2024,Nigeria,22,125,1
1468,5/18/2023,Sierra Leone,0,84,2
1469,3/18/2024,Ghana,15,235,4
1470,2/15/2024,United Kingdom,10,152,3
1471,4/10/2023,Nigeria,0,227,2
1472,2/29/2024,South Africa,16,298,2
1473,4/30/2024,Ghana,19,190,2
1474,4/7/2024,Nigeria,0,301,2
1475,2/17/2024,Nigeria,20,123,1
1476,3/19/2024,Nigeria,18,517,7
1477,#N/A,#N/A,#N/A,#N/A,#N/A
1478,2/2/2024,Nigeria,15,244,2
1479,4/7/2024,Nigeria,19,589,3
1480,4/7/2024,Nigeria,40,126,1
1481,2/18/2024,Ghana,19,447,2
1482,3/25/2024,Mozambique,15,249,1
1483,4/9/2024,Ghana,14,195,5
1484,2/4/2024,Ghana,20,442,4
1485,3/20/2023,Nigeria,0,213,5
1486,3/6/2024,South Africa,13,336,9
1487,6/4/2023,Ghana,22,426,4
1488,4/4/2024,Nigeria,12,201,5
1489,3/25/2024,Ghana,11,309,5
1490,7/2/2023,Nigeria,17,98,6
1491,6/24/2023,Nigeria,12,865,9
1492,2/14/2024,South Africa,16,146,2
1493,6/26/2023,Sierra Leone,22,88,1
1494,12/14/2023,Nigeria,0,188,1
1495,2/1/2024,Nigeria,15,444,9
1496,4/9/2024,Nigeria,14,213,2
1497,5/15/2023,Nigeria,0,114,2
1498,3/20/2024,Ghana,27,193,3
1499,2/17/2024,South Africa,16,130,1
1500,3/22/2024,Ghana,17,1395,4
1501,2/1/2024,South Africa,18,385,2
1502,4/24/2024,Ghana,19,231,3
1503,1/2/2024,Nigeria,15,335,4
1504,4/24/2024,Ghana,12,465,3
1505,4/22/2024,Ghana,18,3213,8
1506,2/29/2024,Nigeria,19,300,2
1507,12/26/2023,Ghana,12,375,2
1508,#N/A,#N/A,#N/A,#N/A,#N/A
1509,3/2/2024,Nigeria,16,220,3
1510,2/3/2024,Nigeria,21,494,5
1511,4/6/2024,Ghana,0,1360,3
1512,3/28/2024,Nigeria,18,142,2
1513,4/4/2023,Ghana,19,351,3
1514,4/16/2024,Ghana,19,701,5
1515,5/29/2023,Nigeria,18,108,2
1516,3/3/2024,Ghana,17,386,4
1517,2/26/2024,United Kingdom,14,163,1
1518,3/15/2024,Ghana,22,1156,6
1519,2/29/2024,Nigeria,20,228,1
1520,2/17/2024,South Africa,14,263,4
1521,2/5/2024,Nigeria,18,140,2
1522,5/4/2023,Nigeria,0,138,2
1523,4/19/2024,Ghana,17,127,1
1524,6/30/2023,Ghana,14,272,5
1525,2/18/2024,Nigeria,15,391,5
1526,4/7/2024,Ghana,16,812,10
1527,5/6/2023,Nigeria,0,72,1
1528,3/25/2024,Mozambique,14,380,6
1529,2/15/2024,South Africa,15,140,1
1530,2/16/2024,Nigeria,16,1121,34
1531,3/7/2024,Kenya,19,158,2
1532,3/4/2024,South Africa,14,650,5
1533,2/1/2024,Ghana,17,253,2
1534,3/27/2024,Ghana,11,645,6
1535,5/8/2023,Sierra Leone,17,326,2
1536,4/10/2024,Nigeria,18,361,7
1537,6/4/2023,Nigeria,18,244,5
1538,4/8/2024,Ghana,13,496,5
1539,2/18/2024,Nigeria,16,164,3
1540,4/7/2024,Kenya,18,173,3
1541,4/8/2024,Ghana,18,133,2
1542,3/15/2024,Nigeria,19,61,1
1543,2/21/2024,Kenya,23,132,4
1544,3/4/2024,Nigeria,0,235,5
1545,3/5/2024,Nigeria,9,186,3
1546,4/4/2023,Nigeria,0,143,1
1547,3/1/2023,Nigeria,0,207,3
1548,3/4/2024,Nigeria,20,227,5
1549,2/2/2024,Nigeria,14,1234,13
1550,3/5/2024,Nigeria,13,403,4
1551,3/15/2023,Sierra Leone,0,51,1
1552,3/23/2023,Nigeria,0,331,4
1553,4/6/2024,Ghana,19,438,5
1554,4/9/2024,Nigeria,18,363,8
1555,4/22/2024,Nigeria,18,1085,9
1556,5/6/2023,Nigeria,0,60,3
1557,5/7/2023,Nigeria,0,56,4
1558,3/3/2024,Ghana,18,196,1
1559,4/6/2024,Nigeria,13,622,9
1560,5/26/2023,Nigeria,19,84,2
1561,4/4/2024,Nigeria,18,697,3
1562,1/6/2024,Nigeria,16,185,2
1563,4/11/2024,Ghana,15,371,6
1564,12/18/2023,Ghana,18,197,1
1565,3/3/2024,Mozambique,21,568,6
1566,4/5/2023,Nigeria,0,57,2
1567,2/9/2023,Nigeria,0,237,4
1568,2/18/2024,Ghana,19,711,3
1569,2/28/2024,Nigeria,21,534,1
1570,5/12/2023,Ghana,0,63,2
1571,3/16/2024,Ghana,17,238,2
1572,2/22/2024,Nigeria,20,369,6
1573,2/18/2024,South Africa,13,267,6
1574,1/5/2024,Nigeria,21,286,3
1575,2/15/2024,Nigeria,13,186,3
1576,4/20/2024,Ghana,17,192,1
1577,2/19/2024,South Africa,15,168,3
1578,3/17/2024,Ghana,15,150,1
1579,2/16/2024,Ghana,19,344,2
1580,2/29/2024,Nigeria,19,408,5
1581,2/28/2024,Nigeria,20,836,5
1582,2/1/2024,Nigeria,17,168,3
1583,3/1/2024,Ghana,15,625,4
1584,1/19/2024,Ghana,17,358,5
1585,4/23/2023,Nigeria,0,76,1
1586,3/8/2024,Rwanda,28,145,1
1587,2/2/2024,Uganda,18,310,3
1588,4/10/2024,Nigeria,22,130,2
1589,2/8/2024,South Africa,13,121,2
1590,3/5/2023,Nigeria,0,113,4
1591,3/3/2024,Nigeria,25,273,6
1592,3/3/2024,Nigeria,18,610,5
1593,3/19/2024,Nigeria,16,132,2
1594,5/30/2023,Nigeria,0,40,2
1595,3/2/2024,South Africa,14,133,2
1596,2/23/2023,Nigeria,16,598,6
1597,2/17/2024,Ghana,29,347,1
1598,4/27/2024,Nigeria,16,302,3
1599,2/21/2024,Nigeria,16,190,2
1600,4/10/2024,Kenya,17,404,2
1601,4/2/2024,Mozambique,13,657,10
1602,5/9/2023,Sierra Leone,0,91,3
1603,12/27/2023,Nigeria,21,220,5
1604,3/5/2024,Nigeria,17,201,1
1605,2/5/2024,Nigeria,9,825,8
1606,3/18/2024,Mozambique,16,305,4
1607,3/8/2024,Nigeria,20,254,3
1608,2/14/2024,South Africa,18,184,3
1609,1/7/2024,Ghana,13,222,9
1610,3/30/2023,Nigeria,0,505,2
1611,2/16/2024,Ghana,25,258,2
1612,2/24/2024,Ghana,14,230,3
1613,3/3/2024,Ghana,27,335,4
1614,3/6/2024,Ghana,17,135,1
1615,12/20/2023,Nigeria,0,198,2
1616,6/13/2023,Nigeria,15,239,4
1617,12/28/2023,Kenya,19,31,1
1618,3/26/2024,Ghana,18,279,7
1619,1/7/2024,Ghana,14,115,3
1620,2/18/2024,Ghana,16,321,4
1621,3/23/2024,Ghana,19,376,3
1622,3/4/2024,Ghana,21,1209,5
1623,1/16/2024,Nigeria,25,442,5
1624,3/8/2024,Nigeria,22,400,2
1625,3/27/2023,Nigeria,0,33,2
1626,3/1/2024,Ghana,20,378,3
1627,3/23/2024,Mozambique,13,967,4
1628,2/28/2024,Nigeria,20,423,4
1629,2/1/2024,Ghana,15,171,3
1630,2/24/2024,Kenya,23,153,1
1631,4/4/2024,Nigeria,17,330,2
1632,12/22/2023,Nigeria,17,46,3
1633,3/5/2024,Ghana,17,731,8
1634,3/7/2024,Nigeria,19,283,3
1635,1/2/2024,Nigeria,21,174,5
1636,4/9/2024,Uganda,18,274,7
1637,12/30/2023,Nigeria,16,550,8
1638,4/11/2024,Ghana,14,375,1
1639,2/7/2023,Nigeria,0,111,4
1640,2/14/2024,Nigeria,18,168,1
1641,4/19/2024,Nigeria,17,161,3
1642,2/20/2024,Nigeria,20,422,3
1643,4/12/2024,South Africa,15,240,3
1644,1/4/2024,Nigeria,0,68,1
1645,2/26/2024,Nigeria,17,369,2
1646,3/16/2024,Nigeria,14,323,1
1647,4/5/2024,Nigeria,15,1342,7
1648,1/7/2024,Nigeria,16,162,3
1649,12/31/2023,Ghana,20,47,3
1650,2/18/2024,Nigeria,20,175,1
1651,4/13/2024,Ghana,15,682,4
1652,4/20/2024,Nigeria,15,932,3
1653,7/6/2023,Ghana,15,110,2
1654,4/8/2024,Nigeria,14,1109,5
1655,4/21/2024,Ghana,16,362,2
1656,5/1/2023,Nigeria,22,241,3
1657,2/7/2024,Ghana,19,269,4
1658,5/11/2023,Nigeria,0,316,5
1659,4/8/2024,Nigeria,16,1149,2
1660,6/9/2023,Nigeria,18,201,3
1661,#N/A,#N/A,#N/A,#N/A,#N/A
1662,3/15/2024,Ghana,26,157,1
1663,4/6/2023,Nigeria,0,44,1
1664,3/20/2024,Nigeria,18,257,3
1665,4/8/2024,Ghana,14,170,5
1666,2/29/2024,Nigeria,14,324,1
1667,3/24/2023,Ghana,0,70,2
1668,3/22/2024,Mozambique,13,2146,17
1669,1/2/2024,Nigeria,0,236,3
1670,2/7/2024,Nigeria,18,252,3
1671,3/17/2024,Nigeria,21,151,2
1672,4/4/2024,Ghana,14,173,2
1673,12/30/2023,Nigeria,17,104,3
1674,3/2/2024,Nigeria,19,181,2
1675,3/16/2023,Nigeria,0,220,3
1676,7/18/2023,Ghana,15,165,3
1677,3/18/2024,Nigeria,17,377,6
1678,1/14/2024,Nigeria,13,152,1
1679,12/16/2023,Nigeria,0,105,3
1680,1/6/2024,Nigeria,19,276,3
1681,3/2/2024,Ghana,21,1687,11
1682,4/9/2023,Ghana,0,272,4
1683,1/7/2024,Nigeria,15,1055,3
1684,2/21/2024,Ghana,17,113,1
1685,2/16/2024,Nigeria,17,245,2
1686,4/30/2024,Ghana,32,1312,11
1687,2/13/2024,Uganda,20,789,5
1688,4/8/2024,Ghana,17,180,1
1689,2/14/2024,Nigeria,0,175,2
1690,2/29/2024,Nigeria,17,141,1
1691,5/4/2023,Ghana,0,167,1
1692,2/7/2024,Nigeria,13,332,4
1693,4/23/2024,Nigeria,13,782,2
1694,2/29/2024,South Africa,15,235,2
1695,4/4/2024,Ghana,19,1033,5
1696,12/28/2023,Ghana,12,2931,11
1697,4/19/2024,Nigeria,17,893,9
1698,1/6/2024,Nigeria,18,531,8
1699,2/21/2024,Ghana,20,469,2
1700,3/7/2024,South Africa,13,278,3
1701,3/23/2024,Mozambique,13,887,7
1702,1/21/2024,Nigeria,16,1018,8
1703,3/1/2024,Nigeria,16,252,3
1704,2/20/2024,Nigeria,22,303,2
1705,2/25/2024,South Africa,17,147,2
1706,2/18/2024,Ghana,0,365,4
1707,2/23/2024,Ghana,19,161,2
1708,4/14/2024,Mozambique,12,321,3
1709,2/2/2024,Nigeria,15,677,3
1710,12/29/2023,Ghana,18,105,4
1711,2/23/2024,Uganda,18,414,1
1712,2/16/2024,Ghana,18,604,6
1713,2/2/2024,Nigeria,16,205,4
1714,3/7/2024,Germany,50,164,1
1715,3/12/2024,Nigeria,0,346,1
1716,2/15/2024,Nigeria,13,197,2
1717,3/14/2024,China,15,190,2
1718,6/21/2023,Ghana,13,70,3
1719,#N/A,#N/A,#N/A,#N/A,#N/A
1720,3/20/2024,Ghana,23,416,3
1721,4/9/2023,Nigeria,15,2354,8
1722,4/23/2024,Ghana,14,124,6
1723,3/17/2024,Nigeria,17,358,3
1724,3/23/2024,Ghana,16,588,3
1725,12/13/2023,Nigeria,21,381,2
1726,5/12/2023,Ghana,0,62,1
1727,2/17/2024,Ghana,15,138,1
1728,#N/A,#N/A,#N/A,#N/A,#N/A
1729,12/24/2023,Nigeria,14,56,2
1730,3/4/2024,Nigeria,0,202,3
1731,2/21/2024,South Africa,16,214,3
1732,2/13/2024,Nigeria,12,217,5
1733,3/2/2024,Mozambique,21,213,5
1734,3/4/2024,Kenya,40,507,2
1735,1/7/2024,Nigeria,20,136,2
1736,2/16/2024,Nigeria,0,147,2
1737,2/18/2024,Nigeria,15,360,1
1738,4/7/2024,Ghana,21,495,4
1739,12/12/2023,Nigeria,17,80,1
1740,4/5/2024,Nigeria,18,368,5
1741,1/7/2024,Nigeria,16,344,5
1742,1/1/2024,Nigeria,15,231,2
1743,2/17/2024,South Africa,18,510,3
1744,2/13/2024,Kenya,18,252,2
1745,3/25/2024,Ghana,0,349,3
1746,2/18/2024,Nigeria,16,168,1
1747,4/7/2023,Nigeria,49,670,3
1748,4/6/2024,Ghana,17,531,4
1749,5/31/2023,Ghana,15,319,8
1750,3/5/2024,Uganda,19,474,3
1751,4/10/2024,Nigeria,22,148,1
1752,3/6/2024,Ghana,13,361,2
1753,2/22/2024,Nigeria,15,312,2
1754,4/11/2023,Ghana,19,575,6
1755,3/8/2024,Nigeria,21,441,5
1756,4/27/2023,Sierra Leone,0,72,1
1757,2/15/2024,Ghana,0,208,2
1758,12/19/2023,Nigeria,16,64,3
1759,3/15/2024,Nigeria,23,1036,3
1760,2/2/2024,Ghana,16,1157,6
1761,2/28/2024,South Africa,18,288,3
1762,3/19/2024,Nigeria,18,227,2
1763,#N/A,#N/A,#N/A,#N/A,#N/A
1764,2/16/2024,South Africa,16,176,3
1765,3/16/2024,Ghana,17,230,3
1766,2/12/2024,Nigeria,16,635,8
1767,4/6/2024,Nigeria,16,443,5
1768,12/18/2023,Nigeria,14,37,1
1769,6/20/2023,Nigeria,14,46,3
1770,4/16/2024,Nigeria,18,321,4
1771,2/7/2024,Ghana,13,312,4
1772,4/28/2024,Ghana,12,1262,7
1773,2/21/2024,South Africa,12,266,3
1774,3/24/2024,Uganda,20,475,2
1775,3/27/2024,Ghana,14,1598,15
1776,3/8/2024,Nigeria,18,895,3
1777,5/20/2023,Nigeria,0,84,2
1778,6/23/2023,Sierra Leone,21,640,5
1779,1/3/2024,Nigeria,14,191,1
1780,3/4/2024,Uganda,20,594,4
1781,6/2/2023,Ghana,15,172,3
1782,3/7/2024,Ghana,18,278,2
1783,3/17/2024,Ghana,20,162,2
1784,#N/A,#N/A,#N/A,#N/A,#N/A
1785,1/8/2024,South Africa,0,510,1
1786,2/7/2024,South Africa,12,152,6
1787,3/20/2024,Ghana,17,269,7
1788,5/19/2023,Sierra Leone,0,192,2
1789,3/5/2024,Ghana,15,3787,23
1790,1/2/2024,Nigeria,12,225,5
1791,3/5/2024,South Africa,14,657,10
1792,2/24/2024,Nigeria,17,294,4
1793,2/7/2024,Nigeria,0,183,2
1794,3/2/2024,Kenya,19,878,8
1795,3/6/2024,Ghana,16,245,6
1796,2/12/2024,Nigeria,13,126,2
1797,3/5/2023,Nigeria,0,559,7
1798,4/27/2024,Ghana,0,235,4
1799,3/3/2024,Ghana,17,315,3
1800,2/14/2024,Nigeria,14,318,3
1801,3/25/2024,Mozambique,15,207,1
1802,2/13/2024,Nigeria,16,180,4
1803,3/4/2024,South Africa,16,194,3
1804,2/7/2024,Uganda,19,154,3
1805,2/6/2024,Nigeria,0,106,3
1806,2/26/2023,Nigeria,0,73,3
1807,3/9/2023,Nigeria,0,145,3
1808,2/21/2024,Nigeria,21,389,4
1809,2/19/2024,Nigeria,17,317,2
1810,12/30/2023,Nigeria,21,476,6
1811,1/4/2024,Uganda,0,58,3
1812,3/5/2024,Uganda,23,273,2
1813,3/24/2024,Ghana,18,582,7
1814,2/1/2024,Kenya,21,342,4
1815,4/7/2024,Ghana,18,177,2
1816,3/20/2024,Ghana,18,1653,14
1817,2/2/2024,Nigeria,16,202,1
1818,3/16/2024,Nigeria,16,147,2
1819,2/7/2024,Uganda,18,288,2
1820,4/26/2024,Nigeria,17,189,2
1821,3/3/2024,United States and Caribbean,12,251,1
1822,2/18/2024,Ghana,17,802,8
1823,4/7/2024,Nigeria,18,758,3
1824,4/20/2023,Nigeria,0,234,3
1825,1/4/2024,Nigeria,18,457,3
1826,2/9/2024,Nigeria,18,905,8
1827,3/5/2024,Ghana,18,1690,15
1828,2/16/2024,South Africa,15,135,3
1829,4/9/2024,Ghana,20,1472,8
1830,3/6/2024,Nigeria,18,298,5
1831,2/13/2024,Ghana,16,171,3
1832,6/19/2023,Nigeria,19,239,3
1833,2/2/2024,Kenya,19,538,4
1834,2/1/2024,Nigeria,18,615,3
1835,12/29/2023,Nigeria,20,71,2
1836,2/14/2024,Nigeria,19,164,2
1837,5/13/2023,Nigeria,0,199,3
1838,3/3/2024,Nigeria,16,490,3
1839,2/28/2023,Nigeria,0,30,1
1840,4/26/2023,Sierra Leone,0,67,1
1841,4/24/2023,Ghana,0,1010,5
1842,4/9/2024,Nigeria,19,526,3
1843,2/14/2024,South Africa,0,138,2
1844,5/11/2023,Nigeria,0,136,6
1845,3/24/2024,Nigeria,19,1059,11
1846,1/5/2024,Nigeria,17,147,2
1847,5/10/2023,Nigeria,0,64,2
1848,2/19/2024,Ghana,20,370,6
1849,4/5/2024,Ghana,18,168,2
1850,5/26/2023,Nigeria,0,121,3
1851,1/3/2024,South Africa,0,507,2
1852,3/10/2023,Nigeria,19,289,4
1853,2/28/2024,Ghana,20,271,4
1854,1/20/2023,Nigeria,0,199,2
1855,2/25/2024,Kenya,24,238,2
1856,4/5/2024,Nigeria,11,1714,9
1857,1/3/2024,Nigeria,10,81,1
1858,4/7/2024,Nigeria,18,231,2
1859,4/5/2024,Ghana,27,403,3
1860,1/1/2024,Nigeria,21,174,5
1861,12/13/2023,Nigeria,16,207,2
1862,2/2/2024,Tanzania,17,254,1
1863,6/9/2023,Sierra Leone,0,685,8
1864,8/8/2023,United States and Caribbean,14,231,2
1865,2/7/2024,Ghana,16,395,4
1866,2/4/2024,Nigeria,0,1139,12
1867,3/23/2024,Mozambique,18,308,3
1868,2/20/2024,Nigeria,19,433,3
1869,4/8/2024,Ghana,17,497,5
1870,3/16/2024,Nigeria,16,247,2
1871,#N/A,#N/A,#N/A,#N/A,#N/A
1872,1/6/2024,Nigeria,18,193,2
1873,3/24/2024,Nigeria,14,190,1
1874,2/6/2024,Nigeria,16,272,2
1875,4/1/2024,Sierra Leone,15,108,2
1876,4/16/2024,Ghana,15,198,3
1877,2/13/2024,Nigeria,19,207,3
1878,1/4/2024,Nigeria,0,63,1
1879,2/14/2024,Nigeria,15,131,2
1880,4/7/2024,Nigeria,18,390,4
1881,2/16/2024,Nigeria,19,427,6
1882,3/19/2024,Nigeria,22,385,2
1883,3/21/2024,Nigeria,17,896,7
1884,2/4/2024,Uganda,17,171,3
1885,2/28/2024,Ghana,18,283,3
1886,4/11/2023,Nigeria,0,122,1
1887,2/18/2024,Nigeria,18,971,4
1888,6/28/2023,Nigeria,0,104,1
1889,1/4/2024,Ghana,10,157,4
1890,12/13/2023,Uganda,9,315,6
1891,3/6/2024,Nigeria,16,229,2
1892,12/21/2023,Nigeria,13,30,1
1893,3/18/2024,Ghana,19,413,3
1894,4/6/2024,Nigeria,17,364,4
1895,4/24/2024,Ghana,13,162,3
1896,1/8/2024,Nigeria,18,434,9
1897,2/16/2024,South Africa,17,424,2
1898,4/8/2024,Nigeria,16,385,3
1899,3/23/2024,Mozambique,15,179,2
1900,4/8/2024,Ghana,19,187,1
1901,2/25/2024,South Africa,16,373,3
1902,4/22/2024,Nigeria,15,140,1
1903,3/2/2024,Kenya,14,311,5
1904,2/17/2024,South Africa,0,783,6
1905,3/13/2024,Nigeria,18,290,3
1906,6/7/2023,Ghana,0,213,3
1907,1/27/2023,Nigeria,17,170,3
1908,12/17/2023,Nigeria,20,20,2
1909,4/25/2024,Nigeria,17,1133,7
1910,5/26/2023,Nigeria,0,89,1
1911,3/23/2024,Mozambique,13,961,2
1912,1/4/2024,Nigeria,18,686,3
1913,2/28/2024,Ghana,19,970,3
1914,2/29/2024,Ghana,14,2591,14
1915,1/21/2024,Nigeria,17,1526,4
1916,5/16/2023,Nigeria,0,95,2
1917,2/18/2024,Ghana,19,1731,5
1918,2/14/2024,Ghana,16,394,2
1919,2/28/2024,Nigeria,19,320,3
1920,12/28/2023,Nigeria,10000,87,2
1921,6/26/2023,Nigeria,19,103,2
1922,3/1/2024,Nigeria,20,296,1
1923,7/5/2023,Nigeria,22,438,1
1924,2/15/2024,South Africa,14,757,3
1925,2/24/2024,Kenya,17,261,4
1926,4/27/2024,Nigeria,15,291,2
1927,2/7/2024,Nigeria,0,219,3
1928,3/27/2024,Mozambique,0,210,2
1929,2/21/2024,Ghana,14,488,7
1930,2/17/2024,Kenya,20,424,3
1931,2/23/2024,Nigeria,15,212,3
1932,1/6/2023,Nigeria,0,150,1
1933,1/8/2024,Nigeria,17,155,1
1934,2/23/2024,Kenya,15,438,2
1935,4/19/2024,Ghana,14,216,4
1936,6/23/2023,Nigeria,16,75,2
1937,2/29/2024,Ghana,17,260,2
1938,4/9/2024,Nigeria,16,378,2
1939,6/22/2023,Nigeria,43,142,2
1940,3/2/2024,Nigeria,14,513,3
1941,4/7/2024,Nigeria,16,149,3
1942,2/16/2024,South Africa,37,100,2
1943,2/4/2024,South Africa,18,332,5
1944,3/23/2024,Mozambique,0,879,7
1945,2/18/2024,South Africa,15,313,3
1946,7/5/2023,Nigeria,17,91,1
1947,1/2/2024,Nigeria,11,161,2
1948,4/6/2024,Nigeria,12,271,4
1949,3/7/2024,South Africa,19,398,6
1950,4/29/2024,Nigeria,17,311,5
1951,2/27/2024,Ghana,13,250,5
1952,4/6/2024,Ghana,18,2128,8
1953,5/3/2023,Nigeria,0,205,3
1954,3/5/2024,Nigeria,17,411,6
1955,2/28/2024,Nigeria,19,236,3
1956,2/19/2024,South Africa,19,347,4
1957,2/26/2024,Kenya,12,165,2
1958,5/6/2023,Nigeria,0,201,3
1959,3/24/2024,Ghana,13,473,6
1960,2/12/2024,Ghana,14,2127,12
1961,4/6/2024,Nigeria,36,674,3
1962,1/6/2024,Nigeria,20,395,3
1963,2/3/2024,Nigeria,19,1434,8
1964,4/28/2024,Ghana,15,627,4
1965,3/21/2024,Ghana,25,275,2
1966,12/23/2023,Nigeria,13,173,1
1967,2/17/2024,Nigeria,17,373,2
1968,12/30/2023,Nigeria,18,270,2
1969,3/7/2024,India,11,318,5
1970,1/5/2024,Nigeria,0,622,7
1971,2/5/2024,Nigeria,18,686,4
1972,5/20/2023,Nigeria,0,118,4
1973,2/13/2024,Nigeria,16,265,3
1974,4/2/2024,Mozambique,12,174,4
1975,4/11/2024,Ghana,19,185,1
1976,5/5/2023,Nigeria,0,69,2
1977,2/14/2024,Nigeria,13,440,2
1978,2/24/2024,Ghana,18,717,5
1979,4/12/2023,Nigeria,0,331,2
1980,1/1/2024,South Africa,14,218,2
1981,2/28/2024,Ghana,16,182,2
1982,3/10/2024,South Africa,15,207,1
1983,5/26/2023,Sierra Leone,18,410,5
1984,3/21/2024,Nigeria,22,155,1
1985,2/16/2024,Nigeria,18,250,3
1986,4/28/2024,Ghana,12,478,4
1987,2/13/2024,Ghana,16,2993,24
1988,2/1/2024,Nigeria,19,285,2
1989,5/13/2023,Nigeria,0,563,5
1990,4/5/2024,Nigeria,17,775,4
1991,5/17/2023,Ghana,0,69,1
1992,2/16/2024,Nigeria,8,677,5
1993,5/9/2023,Sierra Leone,20,293,4
1994,4/13/2024,Nigeria,16,536,2
1995,6/5/2023,Nigeria,18,1623,8
1996,1/3/2024,Nigeria,0,45,1
1997,2/18/2024,Ghana,17,475,2
1998,1/19/2023,Nigeria,0,91,2
1999,2/8/2024,Ghana,18,412,5
2000,1/14/2023,Nigeria,18,200,6
2001,4/18/2024,Kenya,16,101,1
2002,2/15/2024,Ghana,16,452,4
2003,3/13/2024,Nigeria,19,554,7
2004,3/24/2024,Nigeria,20,139,2
2005,4/4/2024,Kenya,17,838,5
2006,2/7/2024,Ghana,17,238,3
2007,1/1/2024,Nigeria,24,226,2
2008,1/4/2024,Nigeria,15,203,6
2009,4/3/2024,Ghana,15,1283,7
2010,2/8/2024,Nigeria,16,210,3
2011,2/26/2024,South Africa,14,151,2
2012,3/7/2024,Rwanda,31,229,4
2013,2/4/2024,Nigeria,18,166,3
2014,2/28/2024,South Africa,18,128,1
2015,2/16/2024,Nigeria,25,483,4
2016,3/3/2024,Nigeria,27,119,1
2017,2/6/2024,South Africa,20,109,2
2018,3/23/2024,Nigeria,19,362,2
2019,2/8/2024,Ghana,19,130,3
2020,3/8/2024,Nigeria,12,257,3
2021,4/9/2024,Nigeria,17,136,2
2022,2/28/2024,Nigeria,20,389,4
2023,3/19/2023,Nigeria,0,107,3
2024,2/23/2024,Nigeria,19,255,2
2025,3/7/2024,Rwanda,31,140,3
2026,2/4/2024,Ghana,15,225,3
2027,2/21/2024,Nigeria,13,233,3
2028,3/28/2023,Ghana,0,63,1
2029,3/24/2024,Mozambique,15,928,4
2030,3/5/2024,Uganda,12,427,9
2031,2/3/2024,Nigeria,14,882,15
2032,4/5/2024,Ghana,16,238,4
2033,4/10/2024,Nigeria,16,486,3
2034,3/18/2024,Mozambique,16,308,4
2035,4/9/2024,Nigeria,19,182,1
2036,4/9/2024,Kenya,19,153,2
2037,4/7/2024,Nigeria,0,1298,8
2038,2/25/2024,Nigeria,19,175,2
2039,2/20/2024,Ghana,19,105,1
2040,3/24/2024,Nigeria,0,129,2
2041,2/29/2024,Nigeria,16,223,4
2042,4/25/2024,Ghana,17,230,3
2043,2/16/2024,Nigeria,20,526,7
2044,3/2/2024,Ghana,17,749,5
2045,4/7/2024,Nigeria,19,1277,4
2046,2/12/2024,Nigeria,0,715,11
2047,4/6/2024,Ghana,18,382,4
2048,2/14/2024,Nigeria,17,394,5
2049,2/8/2024,Nigeria,16,183,3
2050,2/22/2024,Nigeria,19,841,5
2051,4/1/2024,Ghana,15,161,4
2052,2/17/2024,South Africa,14,286,3
2053,3/3/2024,Ghana,19,343,2
2054,2/14/2024,Ghana,17,130,2
2055,4/5/2024,Nigeria,12,212,1
2056,4/12/2024,Ghana,14,229,2
2057,2/13/2024,Ghana,15,564,4
2058,3/3/2024,Nigeria,22,310,2
2059,3/8/2024,Kenya,18,203,4
2060,3/25/2024,Mozambique,12,341,3
2061,2/14/2024,South Africa,18,376,4
2062,4/9/2024,Ghana,16,199,1
2063,2/6/2024,Nigeria,13,1516,7
2064,3/17/2024,Nigeria,20,292,2
2065,3/18/2024,Nigeria,17,479,3
2066,2/24/2024,Uganda,22,240,6
2067,4/13/2024,Nigeria,14,173,3
2068,3/28/2023,Ghana,0,50,2
2069,2/16/2024,South Africa,17,156,2
2070,4/13/2024,Ghana,14,410,9
2071,2/25/2024,Nigeria,19,480,8
2072,3/24/2024,Mozambique,0,317,3
2073,3/7/2024,Nigeria,9,555,3
2074,3/7/2024,Nigeria,20,455,3
2075,2/18/2024,Nigeria,20,260,2
2076,5/12/2023,Nigeria,0,157,4
2077,2/22/2024,Ghana,20,116,1
2078,5/18/2023,Ghana,0,46,6
2079,4/20/2024,Nigeria,19,400,3
2080,3/27/2024,Ghana,11,598,2
2081,4/5/2024,Ghana,16,251,2
2082,3/3/2024,Uganda,19,614,9
2083,2/19/2024,Nigeria,19,1009,3
2084,4/7/2024,Ghana,16,286,2
2085,2/6/2024,Nigeria,21,699,4
2086,5/16/2023,Nigeria,20,182,3
2087,2/15/2024,South Africa,22,462,1
2088,2/14/2024,Nigeria,17,359,5
2089,2/17/2024,South Africa,18,582,2
2090,3/3/2024,Nigeria,19,287,3
2091,4/28/2024,Ghana,15,288,3
2092,2/18/2024,Nigeria,23,174,2
2093,4/5/2024,Nigeria,15,285,4
2094,2/8/2024,Nigeria,18,412,5
2095,3/23/2024,Mozambique,15,585,2
2096,2/28/2024,Ghana,12,174,4
2097,4/18/2024,South Africa,16,1288,8
2098,2/29/2024,South Africa,14,125,1
2099,#N/A,#N/A,#N/A,#N/A,#N/A
2100,2/25/2024,Ghana,21,192,2
2101,4/20/2024,Nigeria,16,645,3
2102,4/9/2024,Ghana,19,241,3
2103,3/1/2023,Nigeria,0,113,1
2104,2/24/2024,Ghana,18,121,2
2105,4/29/2023,Ghana,0,254,4
2106,3/25/2024,Ghana,17,227,1
2107,4/20/2024,Ghana,17,318,5
2108,1/6/2024,Ghana,15,395,6
2109,3/23/2024,Mozambique,13,313,2
2110,2/27/2024,Nigeria,19,545,4
2111,2/29/2024,Nigeria,17,248,2
2112,2/1/2024,Nigeria,18,276,2
2113,2/5/2024,Nigeria,19,649,6
2114,4/5/2024,Nigeria,18,615,8
2115,1/1/2024,Ghana,22,911,5
2116,3/15/2024,South Africa,9,156,3
2117,4/21/2024,Ghana,16,209,4
2118,#N/A,#N/A,#N/A,#N/A,#N/A
2119,4/10/2024,Ghana,14,306,5
2120,4/20/2023,Ghana,0,60,2
2121,3/2/2024,Nigeria,0,467,3
2122,4/11/2024,Ghana,19,369,3
2123,4/24/2024,Nigeria,13,133,1
2124,3/2/2024,Ghana,17,234,2
2125,2/28/2024,Ghana,17,321,7
2126,2/28/2024,Nigeria,0,696,6
2127,1/7/2024,Nigeria,12,376,4
2128,2/29/2024,Ghana,19,515,6
2129,2/28/2024,Nigeria,14,223,3
2130,2/24/2024,Kenya,0,378,1
2131,4/17/2023,Nigeria,0,121,7
2132,2/2/2024,Uganda,19,256,3
2133,2/26/2024,South Africa,21,388,1
2134,3/1/2024,Ghana,16,359,4
2135,2/1/2024,Nigeria,16,148,2
2136,3/7/2024,Nigeria,32,141,1
2137,2/18/2024,Nigeria,17,225,4
2138,9/2/2023,India,12,6839,14
2139,3/17/2024,Nigeria,25,204,2
2140,4/26/2024,Nigeria,19,322,4
2141,4/11/2024,Ghana,18,652,7
2142,4/3/2024,Nigeria,17,301,2
2143,3/19/2024,Nigeria,18,159,2
2144,2/16/2024,Nigeria,18,178,2
2145,4/7/2024,Ghana,15,123,1
2146,4/23/2024,Ghana,15,119,3
2147,2/15/2024,Ghana,23,118,1
2148,3/17/2024,Ghana,18,269,1
2149,4/5/2024,Ghana,17,465,2
2150,4/2/2024,Brazil,20,161,2
2151,2/19/2024,Nigeria,18,162,1
2152,4/12/2024,Ghana,15,351,2
2153,6/24/2023,Ghana,0,38,2
2154,#N/A,#N/A,#N/A,#N/A,#N/A
2155,4/5/2024,Ghana,14,175,2
2156,3/7/2024,Nigeria,23,512,6
2157,3/24/2023,Ghana,0,55,1
2158,3/3/2024,Nigeria,18,655,5
2159,2/7/2024,Nigeria,24,117,2
2160,6/25/2023,Nigeria,0,198,2
2161,3/11/2024,South Africa,15,260,4
2162,3/24/2024,Ghana,18,473,4
2163,4/5/2024,Ghana,19,885,7
2164,2/18/2024,Nigeria,19,181,2
2165,7/15/2023,Nigeria,17,275,4
2166,6/21/2023,Nigeria,0,121,3
2167,4/25/2023,Sierra Leone,0,188,3
2168,3/18/2024,Nigeria,16,295,2
2169,2/14/2024,Nigeria,22,294,4
2170,4/11/2024,Nigeria,0,281,2
2171,2/28/2024,Nigeria,21,317,4
2172,6/21/2023,Ghana,16,65,1
2173,3/9/2024,Ghana,18,343,6
2174,2/24/2024,Nigeria,18,367,3
2175,2/14/2024,Ghana,0,139,2
2176,2/13/2024,Ghana,17,445,5
2177,4/7/2024,Nigeria,18,180,3
2178,2/16/2024,Nigeria,16,288,3
2179,2/1/2024,Uganda,19,158,2
2180,3/8/2024,Uganda,24,125,1
2181,3/14/2024,Nigeria,14,496,5
2182,12/20/2023,Nigeria,20,85,1
2183,3/4/2024,Uganda,18,471,11
2184,3/1/2024,South Africa,10,351,5
2185,4/6/2024,Ghana,18,247,4
2186,4/25/2024,Ghana,16,246,3
2187,12/14/2023,Nigeria,0,1176,3
2188,2/25/2024,South Africa,18,404,2
2189,2/24/2024,Nigeria,16,141,1
2190,4/11/2024,Ghana,18,340,3
2191,4/20/2024,Ghana,15,391,2
2192,3/11/2024,Nigeria,27,496,8
2193,3/19/2024,Ghana,15,475,3
2194,2/14/2024,Ghana,20,248,2
2195,2/27/2024,Nigeria,29,140,3
2196,2/15/2024,South Africa,15,243,4
2197,5/20/2023,Nigeria,0,201,2
2198,12/30/2023,Nigeria,15,153,11
2199,3/22/2024,Mozambique,15,276,2
2200,3/31/2024,Mozambique,13,184,2
2201,4/6/2024,Nigeria,16,414,2
2202,2/26/2024,Ghana,13,208,5
2203,4/8/2024,Ghana,15,1506,8
2204,2/1/2024,Nigeria,18,376,2
2205,2/20/2024,South Africa,17,117,2
2206,3/20/2024,Ghana,19,1437,10
2207,11/7/2023,India,0,699,12
2208,3/5/2024,Nigeria,18,547,6
2209,4/27/2024,Nigeria,12,257,2
2210,4/26/2024,Ghana,5,175,1
2211,5/19/2023,Nigeria,0,26,2
2212,2/28/2024,South Africa,17,417,4
2213,4/4/2024,Nigeria,19,201,3
2214,2/14/2024,Nigeria,18,385,6
2215,2/4/2024,South Africa,19,392,4
2216,2/28/2024,Nigeria,17,142,1
2217,3/23/2024,Nigeria,17,269,2
2218,4/18/2024,Ghana,16,190,4
2219,4/1/2023,Nigeria,0,170,3
2220,3/15/2024,Ghana,15,195,2
2221,6/10/2023,Nigeria,19,274,2
2222,2/1/2024,Uganda,0,200,2
2223,3/25/2024,Mozambique,17,477,4
2224,2/19/2024,Nigeria,43,1694,10
2225,5/10/2023,Nigeria,0,130,3
2226,12/30/2023,Ghana,15,1804,21
2227,2/16/2024,South Africa,16,179,2
2228,2/13/2024,Uganda,14,317,1
2229,4/9/2024,Nigeria,17,678,4
2230,4/5/2024,Ghana,14,319,12
2231,4/10/2024,Ghana,15,163,2
2232,4/11/2024,Nigeria,19,488,2
2233,2/3/2024,Nigeria,18,106,2
2234,6/15/2023,Nigeria,23,120,2
2235,2/19/2024,Ghana,18,159,2
2236,4/7/2024,Ghana,15,332,6
2237,2/23/2024,Ghana,24,242,6
2238,2/7/2024,Nigeria,18,855,5
2239,4/13/2023,Ghana,16,192,6
2240,3/8/2024,Nigeria,19,152,1
2241,2/14/2024,Ghana,16,374,3
2242,5/23/2023,Nigeria,0,74,2
2243,2/23/2024,Nigeria,18,179,5
2244,3/24/2024,Nigeria,16,207,3
2245,4/23/2024,Uganda,16,610,6
2246,2/14/2024,South Africa,0,655,4
2247,2/7/2024,Nigeria,22,243,3
2248,2/14/2023,Nigeria,0,56,2
2249,2/14/2024,Nigeria,19,238,3
2250,4/12/2023,Nigeria,0,201,3
2251,2/23/2024,South Africa,18,883,8
2252,3/3/2024,Nigeria,13,125,1
2253,6/11/2023,Nigeria,0,230,2
2254,3/23/2024,Ghana,18,550,2
2255,4/11/2024,Nigeria,39,421,2
2256,2/13/2024,Nigeria,20,853,8
2257,2/7/2024,South Africa,17,211,2
2258,2/15/2024,Nigeria,12,166,2
2259,2/29/2024,Nigeria,32,144,1
2260,2/19/2024,Nigeria,20,156,1
2261,2/7/2024,Nigeria,17,137,3
2262,3/23/2024,Nigeria,18,226,1
2263,1/2/2024,Ghana,10,1536,8
2264,3/13/2024,Ghana,16,1911,10
2265,4/5/2024,Ghana,19,1640,10
2266,2/1/2024,Uganda,17,977,4
2267,5/26/2023,Nigeria,15,79,2
2268,4/11/2024,Nigeria,21,397,2
2269,2/18/2024,South Africa,16,192,2
2270,4/17/2024,Nigeria,11,682,5
2271,7/12/2023,Ghana,10,116,5
2272,3/17/2024,Ghana,16,219,1
2273,3/5/2024,Nigeria,22,131,1
2274,#N/A,#N/A,#N/A,#N/A,#N/A
2275,2/28/2024,Ghana,18,207,2
2276,3/18/2023,Nigeria,0,1096,9
2277,2/18/2024,Ghana,17,134,2
2278,3/5/2024,Nigeria,15,227,4
2279,6/23/2023,Ghana,0,198,3
2280,2/7/2024,Uganda,15,150,6
2281,2/15/2024,Nigeria,17,347,1
2282,2/14/2024,Nigeria,18,576,4
2283,2/18/2024,Nigeria,14,356,4
2284,12/21/2023,Nigeria,17,2869,33
2285,2/6/2024,Ghana,24,161,3
2286,4/9/2024,Ghana,17,132,2
2287,1/30/2023,Nigeria,0,53,2
2288,3/7/2024,Nigeria,18,244,4
2289,1/1/2024,Ghana,18,1402,20
2290,2/22/2024,Kenya,16,128,2
2291,3/16/2024,Nigeria,8,398,4
2292,4/15/2024,Ghana,15,493,7
2293,#N/A,#N/A,#N/A,#N/A,#N/A
2294,3/6/2024,Nigeria,19,588,4
2295,2/7/2023,Nigeria,0,154,3
2296,2/6/2024,South Africa,0,170,2
2297,3/18/2024,Nigeria,0,165,3
2298,4/8/2024,Ghana,13,315,5
2299,3/3/2024,Ghana,15,772,13
2300,2/1/2024,Nigeria,15,220,3
2301,4/3/2024,Nigeria,20,179,3
2302,2/22/2024,Nigeria,11,534,6
2303,3/1/2024,Ghana,18,233,2
2304,6/26/2023,Nigeria,19,42,1
2305,5/13/2023,Ghana,0,120,2
2306,4/27/2024,Germany,12,137,1
2307,2/29/2024,Uganda,19,284,2
2308,6/27/2023,Ghana,20,173,4
2309,2/7/2024,Nigeria,30,447,2
2310,4/7/2024,Ghana,16,581,4
2311,4/12/2024,Ghana,21,137,3
2312,2/28/2024,Nigeria,23,435,4
2313,2/12/2024,Nigeria,16,467,3
2314,3/2/2024,Nigeria,20,191,3
2315,4/5/2024,Nigeria,17,519,2
2316,6/18/2023,Nigeria,20,210,3
2317,2/13/2024,South Africa,19,74,1
2318,5/20/2023,Nigeria,0,92,3
2319,2/16/2024,Nigeria,18,166,2
2320,2/18/2024,Uganda,21,182,5
2321,4/9/2024,Ghana,18,390,2
2322,3/20/2024,Ghana,18,189,2
2323,12/26/2023,Ghana,16,242,5
2324,3/3/2024,South Africa,17,361,3
2325,3/21/2024,Ghana,16,1096,11
2326,2/24/2024,South Africa,18,242,3
2327,2/25/2024,Ghana,20,420,2
2328,3/6/2024,Nigeria,18,677,2
2329,2/1/2024,Nigeria,19,139,2
2330,4/7/2024,Ghana,15,384,1
2331,2/18/2024,Kenya,19,831,12
2332,2/17/2024,South Africa,13,297,2
2333,2/24/2024,United Kingdom,10,346,9
2334,3/15/2024,Nigeria,20,564,3
2335,3/13/2024,Nigeria,18,457,4
2336,3/5/2024,Nigeria,20,243,3
2337,3/24/2024,Mozambique,13,127,1
2338,3/4/2024,Nigeria,20,228,1
2339,4/9/2024,Nigeria,16,359,5
2340,2/7/2024,Ghana,21,556,4
2341,4/8/2024,Ghana,19,145,2
2342,4/9/2024,Nigeria,12,610,6
2343,3/23/2024,Mozambique,12,331,3
2344,6/2/2023,Ghana,20,583,5
2345,3/3/2024,Nigeria,19,141,1
2346,3/8/2024,Nigeria,18,306,3
2347,2/14/2024,South Africa,20,168,1
2348,12/25/2023,Nigeria,16,326,4
2349,2/19/2024,Nigeria,24,113,1
2350,3/23/2024,Nigeria,18,136,1
2351,2/22/2024,Nigeria,15,158,2
2352,2/18/2024,South Africa,16,438,6
2353,2/24/2024,South Africa,15,317,2
2354,3/7/2024,Rwanda,32,248,6
2355,2/28/2024,South Africa,22,359,2
2356,3/2/2024,Nigeria,19,193,2
2357,3/20/2024,Nigeria,15,395,2
2358,2/18/2024,Nigeria,20,250,4
2359,2/13/2024,Nigeria,15,283,2
2360,3/4/2024,Nigeria,18,201,4
2361,2/3/2024,South Africa,14,340,3
2362,6/8/2023,Nigeria,17,153,6
2363,2/19/2024,Ghana,20,249,1
2364,#N/A,#N/A,#N/A,#N/A,#N/A
2365,3/21/2023,Nigeria,0,257,5
2366,5/20/2023,Nigeria,0,73,1
2367,4/8/2024,Ghana,18,314,2
2368,2/17/2024,Uganda,17,142,1
2369,4/9/2024,Nigeria,19,265,4
2370,3/4/2024,South Africa,17,204,2
2371,5/23/2023,Nigeria,21,206,2
2372,4/7/2024,South Africa,15,371,2
2373,2/14/2024,South Africa,20,347,2
2374,3/20/2024,Nigeria,18,266,3
2375,2/7/2024,South Africa,16,230,2
2376,6/13/2023,Ghana,0,351,5
2377,7/3/2023,Ghana,16,56,2
2378,3/20/2024,Ghana,19,334,5
2379,3/4/2024,Nigeria,19,213,2
2380,2/20/2024,Nigeria,18,561,3
2381,1/31/2023,Ethiopia,0,192,3
2382,3/22/2024,Uganda,25,844,2
2383,2/3/2024,Ghana,14,234,2
2384,3/1/2024,Nigeria,13,273,3
2385,4/10/2024,Ghana,16,1300,5
2386,2/8/2024,Nigeria,20,247,3
2387,4/6/2024,Ghana,25,631,14
2388,6/11/2023,Ethiopia,18,355,3
2389,2/26/2024,Nigeria,18,805,3
2390,4/12/2024,Ghana,14,1023,9
2391,#N/A,#N/A,#N/A,#N/A,#N/A
2392,2/13/2024,South Africa,13,1028,4
2393,3/17/2024,Nigeria,17,412,10
2394,4/27/2024,Nigeria,20,222,3
2395,2/12/2024,Nigeria,0,182,3
2396,3/19/2024,Ghana,13,352,3
2397,3/23/2024,Nigeria,20,114,4
2398,2/17/2024,Nigeria,17,312,5
2399,2/21/2024,Uganda,17,430,2
2400,3/19/2024,Nigeria,16,542,4
2401,4/9/2024,Nigeria,19,276,4
2402,2/6/2024,Nigeria,19,282,5
2403,#N/A,#N/A,#N/A,#N/A,#N/A
2404,2/14/2024,Ghana,19,278,3
2405,3/3/2024,Nigeria,19,612,7
2406,2/13/2024,Ghana,16,281,2
2407,6/5/2023,Ghana,14,571,10
2408,3/2/2024,Nigeria,17,214,2
2409,4/24/2023,Nigeria,0,287,3
2410,5/16/2023,Nigeria,0,696,6
2411,12/16/2023,Nigeria,14,44,2
2412,6/18/2023,Ghana,0,124,4
2413,4/6/2024,Nigeria,18,258,5
2414,2/17/2024,South Africa,15,548,4
2415,2/17/2024,Nigeria,18,534,5
2416,3/23/2024,Mozambique,15,835,6
2417,4/24/2024,Ghana,15,327,2
2418,2/8/2024,South Africa,15,480,3
2419,3/15/2024,Nigeria,18,288,3
2420,2/19/2024,Nigeria,17,625,4
2421,2/1/2024,Nigeria,19,961,5
2422,3/16/2024,South Africa,14,644,4
2423,4/4/2024,Ghana,17,643,2
2424,5/12/2023,Nigeria,0,109,1
2425,3/9/2024,Nigeria,18,247,2
2426,2/18/2024,Nigeria,17,144,4
2427,4/22/2023,Ghana,0,303,1
2428,4/23/2024,Nigeria,12,144,1
2429,2/29/2024,Ghana,18,202,1
2430,3/7/2024,Rwanda,31,262,2
2431,3/23/2024,Mozambique,0,862,4
2432,2/16/2024,Nigeria,16,230,2
2433,3/1/2024,Nigeria,18,153,1
2434,3/4/2024,Nigeria,15,986,4
2435,4/23/2024,Ghana,20,369,2
2436,3/17/2024,Nigeria,19,145,2
2437,4/6/2024,Nigeria,16,147,6
2438,4/7/2024,Ghana,17,1175,8
2439,2/15/2024,Nigeria,18,308,3
2440,2/15/2024,Nigeria,21,134,1
2441,3/16/2023,Nigeria,0,61,3
2442,6/7/2023,Nigeria,15,328,4
2443,5/11/2023,Nigeria,0,62,1
2444,4/30/2024,Ghana,17,267,1
2445,3/3/2024,Nigeria,0,381,2
2446,7/15/2023,Nigeria,14,44,2
2447,4/4/2024,Ghana,21,227,1
2448,2/18/2024,Ghana,13,217,2
2449,2/29/2024,Ghana,19,150,1
2450,2/18/2024,South Africa,18,293,2
2451,2/20/2024,Ghana,17,794,8
2452,3/16/2024,Nigeria,18,147,1
2453,4/26/2024,Ghana,16,158,2
2454,4/29/2024,Nigeria,14,270,1
2455,2/7/2024,Nigeria,19,975,3
2456,2/7/2024,Kenya,17,598,5
2457,3/25/2024,Ghana,14,303,4
2458,2/21/2024,Ghana,17,383,2
2459,2/18/2024,Uganda,3,181,2
2460,2/19/2024,South Africa,14,170,1
2461,4/10/2024,Ghana,16,178,4
2462,2/16/2024,Ghana,17,241,2
2463,3/19/2024,Sweden,51,140,2
2464,4/6/2023,Ghana,0,779,7
2465,2/20/2024,Nigeria,15,553,5
2466,4/26/2024,Ghana,15,453,5
2467,5/26/2023,Ghana,0,54,1
2468,4/25/2023,Nigeria,0,106,3
2469,3/3/2023,Nigeria,0,210,2
2470,2/12/2024,Nigeria,19,83,2
2471,3/15/2024,Nigeria,17,132,5
2472,2/7/2024,Nigeria,20,1081,4
2473,3/8/2024,South Africa,16,334,5
2474,6/17/2023,Sierra Leone,8,71,1
2475,4/6/2024,Ghana,16,755,10
2476,2/14/2024,Nigeria,18,331,1
2477,2/29/2024,Ghana,21,141,1
2478,3/20/2024,Nigeria,19,456,3
2479,3/24/2024,Mozambique,13,405,6
2480,2/13/2024,Nigeria,19,667,5
2481,2/7/2024,Nigeria,16,265,4
2482,3/17/2024,Ghana,20,356,4
2483,4/21/2024,Ghana,15,185,4
2484,4/8/2024,Ghana,20,272,4
2485,3/24/2024,Mozambique,14,767,5
2486,3/24/2024,Mozambique,15,737,2
2487,12/27/2023,Ghana,19,1638,11
2488,4/4/2024,Ghana,16,189,1
2489,3/7/2024,Nigeria,16,220,3
2490,2/28/2023,Sierra Leone,0,413,5
2491,4/26/2024,Nigeria,26,119,2
2492,4/3/2024,Nigeria,13,622,3
2493,2/19/2024,Ghana,15,1073,7
2494,8/6/2023,Ghana,16,59,1
2495,3/31/2024,Mozambique,14,405,3
2496,2/2/2024,Ghana,0,443,2
2497,2/25/2024,Ghana,17,520,2
2498,2/18/2024,South Africa,19,337,2
2499,2/17/2024,South Africa,16,280,1
2500,5/1/2023,Ethiopia,0,182,2
2501,3/24/2024,Mozambique,18,209,1
2502,3/2/2024,Nigeria,18,168,4
2503,5/7/2023,Nigeria,0,40,2
2504,4/7/2024,Ghana,18,242,1
2505,2/7/2024,Uganda,14,533,5
2506,2/25/2023,Nigeria,0,55,3
2507,12/15/2023,Nigeria,17,62,1
2508,3/14/2023,Ghana,0,173,2